# ************************************************************
# Sequel Pro SQL dump
# Versión 4541
#
# http://www.sequelpro.com/
# https://github.com/sequelpro/sequelpro
#
# Host: 127.0.0.1 (MySQL 5.7.35)
# Base de datos: t2c
# Tiempo de Generación: 2021-10-10 10:41:59 +0000
# ************************************************************


/*!40101 SET @OLD_CHARACTER_SET_CLIENT=@@CHARACTER_SET_CLIENT */;
/*!40101 SET @OLD_CHARACTER_SET_RESULTS=@@CHARACTER_SET_RESULTS */;
/*!40101 SET @OLD_COLLATION_CONNECTION=@@COLLATION_CONNECTION */;
/*!40101 SET NAMES utf8 */;
/*!40014 SET @OLD_FOREIGN_KEY_CHECKS=@@FOREIGN_KEY_CHECKS, FOREIGN_KEY_CHECKS=0 */;
/*!40101 SET @OLD_SQL_MODE=@@SQL_MODE, SQL_MODE='NO_AUTO_VALUE_ON_ZERO' */;
/*!40111 SET @OLD_SQL_NOTES=@@SQL_NOTES, SQL_NOTES=0 */;


# Volcado de tabla brands
# ------------------------------------------------------------

DROP TABLE IF EXISTS `brands`;

CREATE TABLE `brands` (
  `id` int(11) NOT NULL AUTO_INCREMENT,
  `name` varchar(255) DEFAULT NULL,
  `created_at` datetime DEFAULT NULL,
  `updated_at` datetime DEFAULT NULL,
  PRIMARY KEY (`id`)
) ENGINE=MyISAM DEFAULT CHARSET=utf8;

LOCK TABLES `brands` WRITE;
/*!40000 ALTER TABLE `brands` DISABLE KEYS */;

INSERT INTO `brands` (`id`, `name`, `created_at`, `updated_at`)
VALUES
	(1,'Abarth','2021-10-10 00:00:00','2021-10-10 00:00:00'),
	(2,'Alfa Romeo','2021-10-10 00:00:00','2021-10-10 00:00:00'),
	(3,'Aro','2021-10-10 00:00:00','2021-10-10 00:00:00'),
	(4,'Asia','2021-10-10 00:00:00','2021-10-10 00:00:00'),
	(5,'Asia Motors','2021-10-10 00:00:00','2021-10-10 00:00:00'),
	(6,'Aston Martin','2021-10-10 00:00:00','2021-10-10 00:00:00'),
	(7,'Audi','2021-10-10 00:00:00','2021-10-10 00:00:00'),
	(8,'Austin','2021-10-10 00:00:00','2021-10-10 00:00:00'),
	(9,'Auverland','2021-10-10 00:00:00','2021-10-10 00:00:00'),
	(10,'Bentley','2021-10-10 00:00:00','2021-10-10 00:00:00'),
	(11,'Bertone','2021-10-10 00:00:00','2021-10-10 00:00:00'),
	(12,'Bmw','2021-10-10 00:00:00','2021-10-10 00:00:00'),
	(13,'Cadillac','2021-10-10 00:00:00','2021-10-10 00:00:00'),
	(14,'Chevrolet','2021-10-10 00:00:00','2021-10-10 00:00:00'),
	(15,'Chrysler','2021-10-10 00:00:00','2021-10-10 00:00:00'),
	(16,'Citroen','2021-10-10 00:00:00','2021-10-10 00:00:00'),
	(17,'Corvette','2021-10-10 00:00:00','2021-10-10 00:00:00'),
	(18,'Dacia','2021-10-10 00:00:00','2021-10-10 00:00:00'),
	(19,'Daewoo','2021-10-10 00:00:00','2021-10-10 00:00:00'),
	(20,'Daf','2021-10-10 00:00:00','2021-10-10 00:00:00'),
	(21,'Daihatsu','2021-10-10 00:00:00','2021-10-10 00:00:00'),
	(22,'Daimler','2021-10-10 00:00:00','2021-10-10 00:00:00'),
	(23,'Dodge','2021-10-10 00:00:00','2021-10-10 00:00:00'),
	(24,'Ferrari','2021-10-10 00:00:00','2021-10-10 00:00:00'),
	(25,'Fiat','2021-10-10 00:00:00','2021-10-10 00:00:00'),
	(26,'Ford','2021-10-10 00:00:00','2021-10-10 00:00:00'),
	(27,'Galloper','2021-10-10 00:00:00','2021-10-10 00:00:00'),
	(28,'Gmc','2021-10-10 00:00:00','2021-10-10 00:00:00'),
	(29,'Honda','2021-10-10 00:00:00','2021-10-10 00:00:00'),
	(30,'Hummer','2021-10-10 00:00:00','2021-10-10 00:00:00'),
	(31,'Hyundai','2021-10-10 00:00:00','2021-10-10 00:00:00'),
	(32,'Infiniti','2021-10-10 00:00:00','2021-10-10 00:00:00'),
	(33,'Innocenti','2021-10-10 00:00:00','2021-10-10 00:00:00'),
	(34,'Isuzu','2021-10-10 00:00:00','2021-10-10 00:00:00'),
	(35,'Iveco','2021-10-10 00:00:00','2021-10-10 00:00:00'),
	(36,'Iveco-pegaso','2021-10-10 00:00:00','2021-10-10 00:00:00'),
	(37,'Jaguar','2021-10-10 00:00:00','2021-10-10 00:00:00'),
	(38,'Jeep','2021-10-10 00:00:00','2021-10-10 00:00:00'),
	(39,'Kia','2021-10-10 00:00:00','2021-10-10 00:00:00'),
	(40,'Lada','2021-10-10 00:00:00','2021-10-10 00:00:00'),
	(41,'Lamborghini','2021-10-10 00:00:00','2021-10-10 00:00:00'),
	(42,'Lancia','2021-10-10 00:00:00','2021-10-10 00:00:00'),
	(43,'Land-rover','2021-10-10 00:00:00','2021-10-10 00:00:00'),
	(44,'Ldv','2021-10-10 00:00:00','2021-10-10 00:00:00'),
	(45,'Lexus','2021-10-10 00:00:00','2021-10-10 00:00:00'),
	(46,'Lotus','2021-10-10 00:00:00','2021-10-10 00:00:00'),
	(47,'Mahindra','2021-10-10 00:00:00','2021-10-10 00:00:00'),
	(48,'Maserati','2021-10-10 00:00:00','2021-10-10 00:00:00'),
	(49,'Maybach','2021-10-10 00:00:00','2021-10-10 00:00:00'),
	(50,'Mazda','2021-10-10 00:00:00','2021-10-10 00:00:00'),
	(51,'Mercedes-benz','2021-10-10 00:00:00','2021-10-10 00:00:00'),
	(52,'Mg','2021-10-10 00:00:00','2021-10-10 00:00:00'),
	(53,'Mini','2021-10-10 00:00:00','2021-10-10 00:00:00'),
	(54,'Mitsubishi','2021-10-10 00:00:00','2021-10-10 00:00:00'),
	(55,'Morgan','2021-10-10 00:00:00','2021-10-10 00:00:00'),
	(56,'Nissan','2021-10-10 00:00:00','2021-10-10 00:00:00'),
	(57,'Opel','2021-10-10 00:00:00','2021-10-10 00:00:00'),
	(58,'Peugeot','2021-10-10 00:00:00','2021-10-10 00:00:00'),
	(59,'Pontiac','2021-10-10 00:00:00','2021-10-10 00:00:00'),
	(60,'Porsche','2021-10-10 00:00:00','2021-10-10 00:00:00'),
	(61,'Renault','2021-10-10 00:00:00','2021-10-10 00:00:00'),
	(62,'Rolls-royce','2021-10-10 00:00:00','2021-10-10 00:00:00'),
	(63,'Rover','2021-10-10 00:00:00','2021-10-10 00:00:00'),
	(64,'Saab','2021-10-10 00:00:00','2021-10-10 00:00:00'),
	(65,'Santana','2021-10-10 00:00:00','2021-10-10 00:00:00'),
	(66,'Seat','2021-10-10 00:00:00','2021-10-10 00:00:00'),
	(67,'Skoda','2021-10-10 00:00:00','2021-10-10 00:00:00'),
	(68,'Smart','2021-10-10 00:00:00','2021-10-10 00:00:00'),
	(69,'Ssangyong','2021-10-10 00:00:00','2021-10-10 00:00:00'),
	(70,'Subaru','2021-10-10 00:00:00','2021-10-10 00:00:00'),
	(71,'Suzuki','2021-10-10 00:00:00','2021-10-10 00:00:00'),
	(72,'Talbot','2021-10-10 00:00:00','2021-10-10 00:00:00'),
	(73,'Tata','2021-10-10 00:00:00','2021-10-10 00:00:00'),
	(74,'Toyota','2021-10-10 00:00:00','2021-10-10 00:00:00'),
	(75,'Umm','2021-10-10 00:00:00','2021-10-10 00:00:00'),
	(76,'Vaz','2021-10-10 00:00:00','2021-10-10 00:00:00'),
	(77,'Volkswagen','2021-10-10 00:00:00','2021-10-10 00:00:00'),
	(78,'Volvo','2021-10-10 00:00:00','2021-10-10 00:00:00'),
	(79,'Wartburg','2021-10-10 00:00:00','2021-10-10 00:00:00');

/*!40000 ALTER TABLE `brands` ENABLE KEYS */;
UNLOCK TABLES;


# Volcado de tabla cars
# ------------------------------------------------------------

DROP TABLE IF EXISTS `cars`;

CREATE TABLE `cars` (
  `id` int(11) NOT NULL AUTO_INCREMENT,
  `car_license` varchar(255) DEFAULT NULL,
  `model_id` int(11) NOT NULL,
  `owner_id` int(11) NOT NULL,
  `purchase_id` int(11) DEFAULT NULL,
  `sale_id` int(11) DEFAULT NULL,
  `created_at` datetime DEFAULT NULL,
  `updated_at` datetime DEFAULT NULL,
  PRIMARY KEY (`id`),
  UNIQUE KEY `UK_l7d0k250hy8b4exqtk8h6vof6` (`car_license`),
  KEY `FKmis10q02isr1ysesw9go8bfea` (`model_id`),
  KEY `FKcxvudyshe8ltbi1aq3wtvqgga` (`owner_id`),
  KEY `FK4b0wg7xyyqa9oabu3t9rgmln8` (`purchase_id`),
  KEY `FKtfo36v3n4ulbn0t34t9c0nr6r` (`sale_id`)
) ENGINE=MyISAM DEFAULT CHARSET=utf8;

LOCK TABLES `cars` WRITE;
/*!40000 ALTER TABLE `cars` DISABLE KEYS */;

INSERT INTO `cars` (`id`, `car_license`, `model_id`, `owner_id`, `purchase_id`, `sale_id`, `created_at`, `updated_at`)
VALUES
	(1,'1111-FTM',303,4,1,2,'2021-10-10 00:00:00','2021-10-10 00:00:00'),
	(2,'1111-FFF',304,1,2,NULL,'2021-10-10 00:00:00','2021-10-10 00:00:00'),
	(3,NULL,306,1,3,NULL,'2021-10-10 00:00:00','2021-10-10 00:00:00'),
	(4,'2222-FTM',113,2,4,NULL,'2021-10-10 00:00:00','2021-10-10 00:00:00'),
	(5,'2222-FFF',102,2,5,NULL,'2021-10-10 00:00:00','2021-10-10 00:00:00'),
	(6,NULL,103,2,6,NULL,'2021-10-10 00:00:00','2021-10-10 00:00:00'),
	(7,NULL,541,3,7,NULL,'2021-10-10 00:00:00','2021-10-10 00:00:00'),
	(8,'3333-FFF',571,5,8,1,'2021-10-10 00:00:00','2021-10-10 00:00:00'),
	(9,'3333-FRF',550,3,9,NULL,'2021-10-10 00:00:00','2021-10-10 00:00:00');

/*!40000 ALTER TABLE `cars` ENABLE KEYS */;
UNLOCK TABLES;


# Volcado de tabla models
# ------------------------------------------------------------

DROP TABLE IF EXISTS `models`;

CREATE TABLE `models` (
  `id` int(11) NOT NULL AUTO_INCREMENT,
  `name` varchar(255) DEFAULT NULL,
  `brand_id` int(11) NOT NULL,
  `created_at` datetime DEFAULT NULL,
  `updated_at` datetime DEFAULT NULL,
  PRIMARY KEY (`id`),
  KEY `FK38wxpdifq57mh5wlr24hs3eb2` (`brand_id`)
) ENGINE=MyISAM DEFAULT CHARSET=utf8;

LOCK TABLES `models` WRITE;
/*!40000 ALTER TABLE `models` DISABLE KEYS */;

INSERT INTO `models` (`id`, `name`, `brand_id`, `created_at`, `updated_at`)
VALUES
	(1,'500',1,'2021-10-10 00:00:00','2021-10-10 00:00:00'),
	(2,'Grande Punto',1,'2021-10-10 00:00:00','2021-10-10 00:00:00'),
	(3,'Punto Evo',1,'2021-10-10 00:00:00','2021-10-10 00:00:00'),
	(4,'500c',1,'2021-10-10 00:00:00','2021-10-10 00:00:00'),
	(5,'695',1,'2021-10-10 00:00:00','2021-10-10 00:00:00'),
	(6,'Punto',1,'2021-10-10 00:00:00','2021-10-10 00:00:00'),
	(7,'155',2,'2021-10-10 00:00:00','2021-10-10 00:00:00'),
	(8,'156',2,'2021-10-10 00:00:00','2021-10-10 00:00:00'),
	(9,'159',2,'2021-10-10 00:00:00','2021-10-10 00:00:00'),
	(10,'164',2,'2021-10-10 00:00:00','2021-10-10 00:00:00'),
	(11,'145',2,'2021-10-10 00:00:00','2021-10-10 00:00:00'),
	(12,'147',2,'2021-10-10 00:00:00','2021-10-10 00:00:00'),
	(13,'146',2,'2021-10-10 00:00:00','2021-10-10 00:00:00'),
	(14,'Gtv',2,'2021-10-10 00:00:00','2021-10-10 00:00:00'),
	(15,'Spider',2,'2021-10-10 00:00:00','2021-10-10 00:00:00'),
	(16,'166',2,'2021-10-10 00:00:00','2021-10-10 00:00:00'),
	(17,'Gt',2,'2021-10-10 00:00:00','2021-10-10 00:00:00'),
	(18,'Crosswagon',2,'2021-10-10 00:00:00','2021-10-10 00:00:00'),
	(19,'Brera',2,'2021-10-10 00:00:00','2021-10-10 00:00:00'),
	(20,'90',2,'2021-10-10 00:00:00','2021-10-10 00:00:00'),
	(21,'75',2,'2021-10-10 00:00:00','2021-10-10 00:00:00'),
	(22,'33',2,'2021-10-10 00:00:00','2021-10-10 00:00:00'),
	(23,'Giulietta',2,'2021-10-10 00:00:00','2021-10-10 00:00:00'),
	(24,'Sprint',2,'2021-10-10 00:00:00','2021-10-10 00:00:00'),
	(25,'Mito',2,'2021-10-10 00:00:00','2021-10-10 00:00:00'),
	(26,'Expander',3,'2021-10-10 00:00:00','2021-10-10 00:00:00'),
	(27,'10',3,'2021-10-10 00:00:00','2021-10-10 00:00:00'),
	(28,'24',3,'2021-10-10 00:00:00','2021-10-10 00:00:00'),
	(29,'Dacia',3,'2021-10-10 00:00:00','2021-10-10 00:00:00'),
	(30,'Rocsta',4,'2021-10-10 00:00:00','2021-10-10 00:00:00'),
	(31,'Rocsta',5,'2021-10-10 00:00:00','2021-10-10 00:00:00'),
	(32,'Db7',6,'2021-10-10 00:00:00','2021-10-10 00:00:00'),
	(33,'V8',6,'2021-10-10 00:00:00','2021-10-10 00:00:00'),
	(34,'Db9',6,'2021-10-10 00:00:00','2021-10-10 00:00:00'),
	(35,'Vanquish',6,'2021-10-10 00:00:00','2021-10-10 00:00:00'),
	(36,'V8 Vantage',6,'2021-10-10 00:00:00','2021-10-10 00:00:00'),
	(37,'Vantage',6,'2021-10-10 00:00:00','2021-10-10 00:00:00'),
	(38,'Dbs',6,'2021-10-10 00:00:00','2021-10-10 00:00:00'),
	(39,'Volante',6,'2021-10-10 00:00:00','2021-10-10 00:00:00'),
	(40,'Virage',6,'2021-10-10 00:00:00','2021-10-10 00:00:00'),
	(41,'Vantage V8',6,'2021-10-10 00:00:00','2021-10-10 00:00:00'),
	(42,'Vantage V12',6,'2021-10-10 00:00:00','2021-10-10 00:00:00'),
	(43,'Rapide',6,'2021-10-10 00:00:00','2021-10-10 00:00:00'),
	(44,'Cygnet',6,'2021-10-10 00:00:00','2021-10-10 00:00:00'),
	(45,'80',7,'2021-10-10 00:00:00','2021-10-10 00:00:00'),
	(46,'A4',7,'2021-10-10 00:00:00','2021-10-10 00:00:00'),
	(47,'A6',7,'2021-10-10 00:00:00','2021-10-10 00:00:00'),
	(48,'S6',7,'2021-10-10 00:00:00','2021-10-10 00:00:00'),
	(49,'Coupe',7,'2021-10-10 00:00:00','2021-10-10 00:00:00'),
	(50,'S2',7,'2021-10-10 00:00:00','2021-10-10 00:00:00'),
	(51,'Rs2',7,'2021-10-10 00:00:00','2021-10-10 00:00:00'),
	(52,'A8',7,'2021-10-10 00:00:00','2021-10-10 00:00:00'),
	(53,'Cabriolet',7,'2021-10-10 00:00:00','2021-10-10 00:00:00'),
	(54,'S8',7,'2021-10-10 00:00:00','2021-10-10 00:00:00'),
	(55,'A3',7,'2021-10-10 00:00:00','2021-10-10 00:00:00'),
	(56,'S4',7,'2021-10-10 00:00:00','2021-10-10 00:00:00'),
	(57,'Tt',7,'2021-10-10 00:00:00','2021-10-10 00:00:00'),
	(58,'S3',7,'2021-10-10 00:00:00','2021-10-10 00:00:00'),
	(59,'Allroad Quattro',7,'2021-10-10 00:00:00','2021-10-10 00:00:00'),
	(60,'Rs4',7,'2021-10-10 00:00:00','2021-10-10 00:00:00'),
	(61,'A2',7,'2021-10-10 00:00:00','2021-10-10 00:00:00'),
	(62,'Rs6',7,'2021-10-10 00:00:00','2021-10-10 00:00:00'),
	(63,'Q7',7,'2021-10-10 00:00:00','2021-10-10 00:00:00'),
	(64,'R8',7,'2021-10-10 00:00:00','2021-10-10 00:00:00'),
	(65,'A5',7,'2021-10-10 00:00:00','2021-10-10 00:00:00'),
	(66,'S5',7,'2021-10-10 00:00:00','2021-10-10 00:00:00'),
	(67,'V8',7,'2021-10-10 00:00:00','2021-10-10 00:00:00'),
	(68,'200',7,'2021-10-10 00:00:00','2021-10-10 00:00:00'),
	(69,'100',7,'2021-10-10 00:00:00','2021-10-10 00:00:00'),
	(70,'90',7,'2021-10-10 00:00:00','2021-10-10 00:00:00'),
	(71,'Tts',7,'2021-10-10 00:00:00','2021-10-10 00:00:00'),
	(72,'Q5',7,'2021-10-10 00:00:00','2021-10-10 00:00:00'),
	(73,'A4 Allroad Quattro',7,'2021-10-10 00:00:00','2021-10-10 00:00:00'),
	(74,'Tt Rs',7,'2021-10-10 00:00:00','2021-10-10 00:00:00'),
	(75,'Rs5',7,'2021-10-10 00:00:00','2021-10-10 00:00:00'),
	(76,'A1',7,'2021-10-10 00:00:00','2021-10-10 00:00:00'),
	(77,'A7',7,'2021-10-10 00:00:00','2021-10-10 00:00:00'),
	(78,'Rs3',7,'2021-10-10 00:00:00','2021-10-10 00:00:00'),
	(79,'Q3',7,'2021-10-10 00:00:00','2021-10-10 00:00:00'),
	(80,'A6 Allroad Quattro',7,'2021-10-10 00:00:00','2021-10-10 00:00:00'),
	(81,'S7',7,'2021-10-10 00:00:00','2021-10-10 00:00:00'),
	(82,'Sq5',7,'2021-10-10 00:00:00','2021-10-10 00:00:00'),
	(83,'Mini',8,'2021-10-10 00:00:00','2021-10-10 00:00:00'),
	(84,'Montego',8,'2021-10-10 00:00:00','2021-10-10 00:00:00'),
	(85,'Maestro',8,'2021-10-10 00:00:00','2021-10-10 00:00:00'),
	(86,'Metro',8,'2021-10-10 00:00:00','2021-10-10 00:00:00'),
	(87,'Mini Moke',8,'2021-10-10 00:00:00','2021-10-10 00:00:00'),
	(88,'Diesel',9,'2021-10-10 00:00:00','2021-10-10 00:00:00'),
	(89,'Brooklands',10,'2021-10-10 00:00:00','2021-10-10 00:00:00'),
	(90,'Turbo',10,'2021-10-10 00:00:00','2021-10-10 00:00:00'),
	(91,'Continental',10,'2021-10-10 00:00:00','2021-10-10 00:00:00'),
	(92,'Azure',10,'2021-10-10 00:00:00','2021-10-10 00:00:00'),
	(93,'Arnage',10,'2021-10-10 00:00:00','2021-10-10 00:00:00'),
	(94,'Continental Gt',10,'2021-10-10 00:00:00','2021-10-10 00:00:00'),
	(95,'Continental Flying Spur',10,'2021-10-10 00:00:00','2021-10-10 00:00:00'),
	(96,'Turbo R',10,'2021-10-10 00:00:00','2021-10-10 00:00:00'),
	(97,'Mulsanne',10,'2021-10-10 00:00:00','2021-10-10 00:00:00'),
	(98,'Eight',10,'2021-10-10 00:00:00','2021-10-10 00:00:00'),
	(99,'Continental Gtc',10,'2021-10-10 00:00:00','2021-10-10 00:00:00'),
	(100,'Continental Supersports',10,'2021-10-10 00:00:00','2021-10-10 00:00:00'),
	(101,'Freeclimber Diesel',11,'2021-10-10 00:00:00','2021-10-10 00:00:00'),
	(102,'Serie 3',12,'2021-10-10 00:00:00','2021-10-10 00:00:00'),
	(103,'Serie 5',12,'2021-10-10 00:00:00','2021-10-10 00:00:00'),
	(104,'Compact',12,'2021-10-10 00:00:00','2021-10-10 00:00:00'),
	(105,'Serie 7',12,'2021-10-10 00:00:00','2021-10-10 00:00:00'),
	(106,'Serie 8',12,'2021-10-10 00:00:00','2021-10-10 00:00:00'),
	(107,'Z3',12,'2021-10-10 00:00:00','2021-10-10 00:00:00'),
	(108,'Z4',12,'2021-10-10 00:00:00','2021-10-10 00:00:00'),
	(109,'Z8',12,'2021-10-10 00:00:00','2021-10-10 00:00:00'),
	(110,'X5',12,'2021-10-10 00:00:00','2021-10-10 00:00:00'),
	(111,'Serie 6',12,'2021-10-10 00:00:00','2021-10-10 00:00:00'),
	(112,'X3',12,'2021-10-10 00:00:00','2021-10-10 00:00:00'),
	(113,'Serie 1',12,'2021-10-10 00:00:00','2021-10-10 00:00:00'),
	(114,'Z1',12,'2021-10-10 00:00:00','2021-10-10 00:00:00'),
	(115,'X6',12,'2021-10-10 00:00:00','2021-10-10 00:00:00'),
	(116,'X1',12,'2021-10-10 00:00:00','2021-10-10 00:00:00'),
	(117,'Seville',13,'2021-10-10 00:00:00','2021-10-10 00:00:00'),
	(118,'Sts',13,'2021-10-10 00:00:00','2021-10-10 00:00:00'),
	(119,'El Dorado',13,'2021-10-10 00:00:00','2021-10-10 00:00:00'),
	(120,'Cts',13,'2021-10-10 00:00:00','2021-10-10 00:00:00'),
	(121,'Xlr',13,'2021-10-10 00:00:00','2021-10-10 00:00:00'),
	(122,'Srx',13,'2021-10-10 00:00:00','2021-10-10 00:00:00'),
	(123,'Escalade',13,'2021-10-10 00:00:00','2021-10-10 00:00:00'),
	(124,'Bls',13,'2021-10-10 00:00:00','2021-10-10 00:00:00'),
	(125,'Corvette',14,'2021-10-10 00:00:00','2021-10-10 00:00:00'),
	(126,'Blazer',14,'2021-10-10 00:00:00','2021-10-10 00:00:00'),
	(127,'Astro',14,'2021-10-10 00:00:00','2021-10-10 00:00:00'),
	(128,'Nubira',14,'2021-10-10 00:00:00','2021-10-10 00:00:00'),
	(129,'Evanda',14,'2021-10-10 00:00:00','2021-10-10 00:00:00'),
	(130,'Trans Sport',14,'2021-10-10 00:00:00','2021-10-10 00:00:00'),
	(131,'Camaro',14,'2021-10-10 00:00:00','2021-10-10 00:00:00'),
	(132,'Matiz',14,'2021-10-10 00:00:00','2021-10-10 00:00:00'),
	(133,'Alero',14,'2021-10-10 00:00:00','2021-10-10 00:00:00'),
	(134,'Tahoe',14,'2021-10-10 00:00:00','2021-10-10 00:00:00'),
	(135,'Tacuma',14,'2021-10-10 00:00:00','2021-10-10 00:00:00'),
	(136,'Trailblazer',14,'2021-10-10 00:00:00','2021-10-10 00:00:00'),
	(137,'Kalos',14,'2021-10-10 00:00:00','2021-10-10 00:00:00'),
	(138,'Aveo',14,'2021-10-10 00:00:00','2021-10-10 00:00:00'),
	(139,'Lacetti',14,'2021-10-10 00:00:00','2021-10-10 00:00:00'),
	(140,'Epica',14,'2021-10-10 00:00:00','2021-10-10 00:00:00'),
	(141,'Captiva',14,'2021-10-10 00:00:00','2021-10-10 00:00:00'),
	(142,'Hhr',14,'2021-10-10 00:00:00','2021-10-10 00:00:00'),
	(143,'Cruze',14,'2021-10-10 00:00:00','2021-10-10 00:00:00'),
	(144,'Spark',14,'2021-10-10 00:00:00','2021-10-10 00:00:00'),
	(145,'Orlando',14,'2021-10-10 00:00:00','2021-10-10 00:00:00'),
	(146,'Volt',14,'2021-10-10 00:00:00','2021-10-10 00:00:00'),
	(147,'Malibu',14,'2021-10-10 00:00:00','2021-10-10 00:00:00'),
	(148,'Vision',15,'2021-10-10 00:00:00','2021-10-10 00:00:00'),
	(149,'300m',15,'2021-10-10 00:00:00','2021-10-10 00:00:00'),
	(150,'Grand Voyager',15,'2021-10-10 00:00:00','2021-10-10 00:00:00'),
	(151,'Viper',15,'2021-10-10 00:00:00','2021-10-10 00:00:00'),
	(152,'Neon',15,'2021-10-10 00:00:00','2021-10-10 00:00:00'),
	(153,'Voyager',15,'2021-10-10 00:00:00','2021-10-10 00:00:00'),
	(154,'Stratus',15,'2021-10-10 00:00:00','2021-10-10 00:00:00'),
	(155,'Sebring',15,'2021-10-10 00:00:00','2021-10-10 00:00:00'),
	(156,'Sebring 200c',15,'2021-10-10 00:00:00','2021-10-10 00:00:00'),
	(157,'New Yorker',15,'2021-10-10 00:00:00','2021-10-10 00:00:00'),
	(158,'Pt Cruiser',15,'2021-10-10 00:00:00','2021-10-10 00:00:00'),
	(159,'Crossfire',15,'2021-10-10 00:00:00','2021-10-10 00:00:00'),
	(160,'300c',15,'2021-10-10 00:00:00','2021-10-10 00:00:00'),
	(161,'Le Baron',15,'2021-10-10 00:00:00','2021-10-10 00:00:00'),
	(162,'Saratoga',15,'2021-10-10 00:00:00','2021-10-10 00:00:00'),
	(163,'Xantia',16,'2021-10-10 00:00:00','2021-10-10 00:00:00'),
	(164,'Xm',16,'2021-10-10 00:00:00','2021-10-10 00:00:00'),
	(165,'Ax',16,'2021-10-10 00:00:00','2021-10-10 00:00:00'),
	(166,'Zx',16,'2021-10-10 00:00:00','2021-10-10 00:00:00'),
	(167,'Evasion',16,'2021-10-10 00:00:00','2021-10-10 00:00:00'),
	(168,'C8',16,'2021-10-10 00:00:00','2021-10-10 00:00:00'),
	(169,'Saxo',16,'2021-10-10 00:00:00','2021-10-10 00:00:00'),
	(170,'C2',16,'2021-10-10 00:00:00','2021-10-10 00:00:00'),
	(171,'Xsara',16,'2021-10-10 00:00:00','2021-10-10 00:00:00'),
	(172,'C4',16,'2021-10-10 00:00:00','2021-10-10 00:00:00'),
	(173,'Xsara Picasso',16,'2021-10-10 00:00:00','2021-10-10 00:00:00'),
	(174,'C5',16,'2021-10-10 00:00:00','2021-10-10 00:00:00'),
	(175,'C3',16,'2021-10-10 00:00:00','2021-10-10 00:00:00'),
	(176,'C3 Pluriel',16,'2021-10-10 00:00:00','2021-10-10 00:00:00'),
	(177,'C1',16,'2021-10-10 00:00:00','2021-10-10 00:00:00'),
	(178,'C6',16,'2021-10-10 00:00:00','2021-10-10 00:00:00'),
	(179,'Grand C4 Picasso',16,'2021-10-10 00:00:00','2021-10-10 00:00:00'),
	(180,'C4 Picasso',16,'2021-10-10 00:00:00','2021-10-10 00:00:00'),
	(181,'Ccrosser',16,'2021-10-10 00:00:00','2021-10-10 00:00:00'),
	(182,'C15',16,'2021-10-10 00:00:00','2021-10-10 00:00:00'),
	(183,'Jumper',16,'2021-10-10 00:00:00','2021-10-10 00:00:00'),
	(184,'Jumpy',16,'2021-10-10 00:00:00','2021-10-10 00:00:00'),
	(185,'Berlingo',16,'2021-10-10 00:00:00','2021-10-10 00:00:00'),
	(186,'Bx',16,'2021-10-10 00:00:00','2021-10-10 00:00:00'),
	(187,'C25',16,'2021-10-10 00:00:00','2021-10-10 00:00:00'),
	(188,'Cx',16,'2021-10-10 00:00:00','2021-10-10 00:00:00'),
	(189,'Gsa',16,'2021-10-10 00:00:00','2021-10-10 00:00:00'),
	(190,'Visa',16,'2021-10-10 00:00:00','2021-10-10 00:00:00'),
	(191,'Lna',16,'2021-10-10 00:00:00','2021-10-10 00:00:00'),
	(192,'2cv',16,'2021-10-10 00:00:00','2021-10-10 00:00:00'),
	(193,'Nemo',16,'2021-10-10 00:00:00','2021-10-10 00:00:00'),
	(194,'C4 Sedan',16,'2021-10-10 00:00:00','2021-10-10 00:00:00'),
	(195,'Berlingo First',16,'2021-10-10 00:00:00','2021-10-10 00:00:00'),
	(196,'C3 Picasso',16,'2021-10-10 00:00:00','2021-10-10 00:00:00'),
	(197,'Ds3',16,'2021-10-10 00:00:00','2021-10-10 00:00:00'),
	(198,'Czero',16,'2021-10-10 00:00:00','2021-10-10 00:00:00'),
	(199,'Ds4',16,'2021-10-10 00:00:00','2021-10-10 00:00:00'),
	(200,'Ds5',16,'2021-10-10 00:00:00','2021-10-10 00:00:00'),
	(201,'C4 Aircross',16,'2021-10-10 00:00:00','2021-10-10 00:00:00'),
	(202,'Celysee',16,'2021-10-10 00:00:00','2021-10-10 00:00:00'),
	(203,'Corvette',17,'2021-10-10 00:00:00','2021-10-10 00:00:00'),
	(204,'Contac',18,'2021-10-10 00:00:00','2021-10-10 00:00:00'),
	(205,'Logan',18,'2021-10-10 00:00:00','2021-10-10 00:00:00'),
	(206,'Sandero',18,'2021-10-10 00:00:00','2021-10-10 00:00:00'),
	(207,'Duster',18,'2021-10-10 00:00:00','2021-10-10 00:00:00'),
	(208,'Lodgy',18,'2021-10-10 00:00:00','2021-10-10 00:00:00'),
	(209,'Nexia',19,'2021-10-10 00:00:00','2021-10-10 00:00:00'),
	(210,'Aranos',19,'2021-10-10 00:00:00','2021-10-10 00:00:00'),
	(211,'Lanos',19,'2021-10-10 00:00:00','2021-10-10 00:00:00'),
	(212,'Nubira',19,'2021-10-10 00:00:00','2021-10-10 00:00:00'),
	(213,'Compact',19,'2021-10-10 00:00:00','2021-10-10 00:00:00'),
	(214,'Nubira Compact',19,'2021-10-10 00:00:00','2021-10-10 00:00:00'),
	(215,'Leganza',19,'2021-10-10 00:00:00','2021-10-10 00:00:00'),
	(216,'Evanda',19,'2021-10-10 00:00:00','2021-10-10 00:00:00'),
	(217,'Matiz',19,'2021-10-10 00:00:00','2021-10-10 00:00:00'),
	(218,'Tacuma',19,'2021-10-10 00:00:00','2021-10-10 00:00:00'),
	(219,'Kalos',19,'2021-10-10 00:00:00','2021-10-10 00:00:00'),
	(220,'Lacetti',19,'2021-10-10 00:00:00','2021-10-10 00:00:00'),
	(221,'Applause',21,'2021-10-10 00:00:00','2021-10-10 00:00:00'),
	(222,'Charade',21,'2021-10-10 00:00:00','2021-10-10 00:00:00'),
	(223,'Rocky',21,'2021-10-10 00:00:00','2021-10-10 00:00:00'),
	(224,'Feroza',21,'2021-10-10 00:00:00','2021-10-10 00:00:00'),
	(225,'Terios',21,'2021-10-10 00:00:00','2021-10-10 00:00:00'),
	(226,'Sirion',21,'2021-10-10 00:00:00','2021-10-10 00:00:00'),
	(227,'Serie Xj',22,'2021-10-10 00:00:00','2021-10-10 00:00:00'),
	(228,'Xj',22,'2021-10-10 00:00:00','2021-10-10 00:00:00'),
	(229,'Double Six',22,'2021-10-10 00:00:00','2021-10-10 00:00:00'),
	(230,'Six',22,'2021-10-10 00:00:00','2021-10-10 00:00:00'),
	(231,'Series Iii',22,'2021-10-10 00:00:00','2021-10-10 00:00:00'),
	(232,'Viper',23,'2021-10-10 00:00:00','2021-10-10 00:00:00'),
	(233,'Caliber',23,'2021-10-10 00:00:00','2021-10-10 00:00:00'),
	(234,'Nitro',23,'2021-10-10 00:00:00','2021-10-10 00:00:00'),
	(235,'Avenger',23,'2021-10-10 00:00:00','2021-10-10 00:00:00'),
	(236,'Journey',23,'2021-10-10 00:00:00','2021-10-10 00:00:00'),
	(237,'F355',24,'2021-10-10 00:00:00','2021-10-10 00:00:00'),
	(238,'360',24,'2021-10-10 00:00:00','2021-10-10 00:00:00'),
	(239,'F430',24,'2021-10-10 00:00:00','2021-10-10 00:00:00'),
	(240,'F512 M',24,'2021-10-10 00:00:00','2021-10-10 00:00:00'),
	(241,'550 Maranello',24,'2021-10-10 00:00:00','2021-10-10 00:00:00'),
	(242,'575m Maranello',24,'2021-10-10 00:00:00','2021-10-10 00:00:00'),
	(243,'599',24,'2021-10-10 00:00:00','2021-10-10 00:00:00'),
	(244,'456',24,'2021-10-10 00:00:00','2021-10-10 00:00:00'),
	(245,'456m',24,'2021-10-10 00:00:00','2021-10-10 00:00:00'),
	(246,'612',24,'2021-10-10 00:00:00','2021-10-10 00:00:00'),
	(247,'F50',24,'2021-10-10 00:00:00','2021-10-10 00:00:00'),
	(248,'Enzo',24,'2021-10-10 00:00:00','2021-10-10 00:00:00'),
	(249,'Superamerica',24,'2021-10-10 00:00:00','2021-10-10 00:00:00'),
	(250,'430',24,'2021-10-10 00:00:00','2021-10-10 00:00:00'),
	(251,'348',24,'2021-10-10 00:00:00','2021-10-10 00:00:00'),
	(252,'Testarossa',24,'2021-10-10 00:00:00','2021-10-10 00:00:00'),
	(253,'512',24,'2021-10-10 00:00:00','2021-10-10 00:00:00'),
	(254,'355',24,'2021-10-10 00:00:00','2021-10-10 00:00:00'),
	(255,'F40',24,'2021-10-10 00:00:00','2021-10-10 00:00:00'),
	(256,'412',24,'2021-10-10 00:00:00','2021-10-10 00:00:00'),
	(257,'Mondial',24,'2021-10-10 00:00:00','2021-10-10 00:00:00'),
	(258,'328',24,'2021-10-10 00:00:00','2021-10-10 00:00:00'),
	(259,'California',24,'2021-10-10 00:00:00','2021-10-10 00:00:00'),
	(260,'458',24,'2021-10-10 00:00:00','2021-10-10 00:00:00'),
	(261,'Ff',24,'2021-10-10 00:00:00','2021-10-10 00:00:00'),
	(262,'Croma',25,'2021-10-10 00:00:00','2021-10-10 00:00:00'),
	(263,'Cinquecento',25,'2021-10-10 00:00:00','2021-10-10 00:00:00'),
	(264,'Seicento',25,'2021-10-10 00:00:00','2021-10-10 00:00:00'),
	(265,'Punto',25,'2021-10-10 00:00:00','2021-10-10 00:00:00'),
	(266,'Grande Punto',25,'2021-10-10 00:00:00','2021-10-10 00:00:00'),
	(267,'Panda',25,'2021-10-10 00:00:00','2021-10-10 00:00:00'),
	(268,'Tipo',25,'2021-10-10 00:00:00','2021-10-10 00:00:00'),
	(269,'Coupe',25,'2021-10-10 00:00:00','2021-10-10 00:00:00'),
	(270,'Uno',25,'2021-10-10 00:00:00','2021-10-10 00:00:00'),
	(271,'Ulysse',25,'2021-10-10 00:00:00','2021-10-10 00:00:00'),
	(272,'Tempra',25,'2021-10-10 00:00:00','2021-10-10 00:00:00'),
	(273,'Marea',25,'2021-10-10 00:00:00','2021-10-10 00:00:00'),
	(274,'Barchetta',25,'2021-10-10 00:00:00','2021-10-10 00:00:00'),
	(275,'Bravo',25,'2021-10-10 00:00:00','2021-10-10 00:00:00'),
	(276,'Stilo',25,'2021-10-10 00:00:00','2021-10-10 00:00:00'),
	(277,'Brava',25,'2021-10-10 00:00:00','2021-10-10 00:00:00'),
	(278,'Palio Weekend',25,'2021-10-10 00:00:00','2021-10-10 00:00:00'),
	(279,'600',25,'2021-10-10 00:00:00','2021-10-10 00:00:00'),
	(280,'Multipla',25,'2021-10-10 00:00:00','2021-10-10 00:00:00'),
	(281,'Idea',25,'2021-10-10 00:00:00','2021-10-10 00:00:00'),
	(282,'Sedici',25,'2021-10-10 00:00:00','2021-10-10 00:00:00'),
	(283,'Linea',25,'2021-10-10 00:00:00','2021-10-10 00:00:00'),
	(284,'500',25,'2021-10-10 00:00:00','2021-10-10 00:00:00'),
	(285,'Fiorino',25,'2021-10-10 00:00:00','2021-10-10 00:00:00'),
	(286,'Ducato',25,'2021-10-10 00:00:00','2021-10-10 00:00:00'),
	(287,'Doblo Cargo',25,'2021-10-10 00:00:00','2021-10-10 00:00:00'),
	(288,'Doblo',25,'2021-10-10 00:00:00','2021-10-10 00:00:00'),
	(289,'Strada',25,'2021-10-10 00:00:00','2021-10-10 00:00:00'),
	(290,'Regata',25,'2021-10-10 00:00:00','2021-10-10 00:00:00'),
	(291,'Talento',25,'2021-10-10 00:00:00','2021-10-10 00:00:00'),
	(292,'Argenta',25,'2021-10-10 00:00:00','2021-10-10 00:00:00'),
	(293,'Ritmo',25,'2021-10-10 00:00:00','2021-10-10 00:00:00'),
	(294,'Punto Classic',25,'2021-10-10 00:00:00','2021-10-10 00:00:00'),
	(295,'Qubo',25,'2021-10-10 00:00:00','2021-10-10 00:00:00'),
	(296,'Punto Evo',25,'2021-10-10 00:00:00','2021-10-10 00:00:00'),
	(297,'500c',25,'2021-10-10 00:00:00','2021-10-10 00:00:00'),
	(298,'Freemont',25,'2021-10-10 00:00:00','2021-10-10 00:00:00'),
	(299,'Panda Classic',25,'2021-10-10 00:00:00','2021-10-10 00:00:00'),
	(300,'500l',25,'2021-10-10 00:00:00','2021-10-10 00:00:00'),
	(301,'Maverick',26,'2021-10-10 00:00:00','2021-10-10 00:00:00'),
	(302,'Escort',26,'2021-10-10 00:00:00','2021-10-10 00:00:00'),
	(303,'Focus',26,'2021-10-10 00:00:00','2021-10-10 00:00:00'),
	(304,'Mondeo',26,'2021-10-10 00:00:00','2021-10-10 00:00:00'),
	(305,'Scorpio',26,'2021-10-10 00:00:00','2021-10-10 00:00:00'),
	(306,'Fiesta',26,'2021-10-10 00:00:00','2021-10-10 00:00:00'),
	(307,'Probe',26,'2021-10-10 00:00:00','2021-10-10 00:00:00'),
	(308,'Explorer',26,'2021-10-10 00:00:00','2021-10-10 00:00:00'),
	(309,'Galaxy',26,'2021-10-10 00:00:00','2021-10-10 00:00:00'),
	(310,'Ka',26,'2021-10-10 00:00:00','2021-10-10 00:00:00'),
	(311,'Puma',26,'2021-10-10 00:00:00','2021-10-10 00:00:00'),
	(312,'Cougar',26,'2021-10-10 00:00:00','2021-10-10 00:00:00'),
	(313,'Focus Cmax',26,'2021-10-10 00:00:00','2021-10-10 00:00:00'),
	(314,'Fusion',26,'2021-10-10 00:00:00','2021-10-10 00:00:00'),
	(315,'Streetka',26,'2021-10-10 00:00:00','2021-10-10 00:00:00'),
	(316,'Cmax',26,'2021-10-10 00:00:00','2021-10-10 00:00:00'),
	(317,'Smax',26,'2021-10-10 00:00:00','2021-10-10 00:00:00'),
	(318,'Transit',26,'2021-10-10 00:00:00','2021-10-10 00:00:00'),
	(319,'Courier',26,'2021-10-10 00:00:00','2021-10-10 00:00:00'),
	(320,'Ranger',26,'2021-10-10 00:00:00','2021-10-10 00:00:00'),
	(321,'Sierra',26,'2021-10-10 00:00:00','2021-10-10 00:00:00'),
	(322,'Orion',26,'2021-10-10 00:00:00','2021-10-10 00:00:00'),
	(323,'Pick Up',26,'2021-10-10 00:00:00','2021-10-10 00:00:00'),
	(324,'Capri',26,'2021-10-10 00:00:00','2021-10-10 00:00:00'),
	(325,'Granada',26,'2021-10-10 00:00:00','2021-10-10 00:00:00'),
	(326,'Kuga',26,'2021-10-10 00:00:00','2021-10-10 00:00:00'),
	(327,'Grand Cmax',26,'2021-10-10 00:00:00','2021-10-10 00:00:00'),
	(328,'Bmax',26,'2021-10-10 00:00:00','2021-10-10 00:00:00'),
	(329,'Tourneo Custom',26,'2021-10-10 00:00:00','2021-10-10 00:00:00'),
	(330,'Exceed',27,'2021-10-10 00:00:00','2021-10-10 00:00:00'),
	(331,'Santamo',27,'2021-10-10 00:00:00','2021-10-10 00:00:00'),
	(332,'Super Exceed',27,'2021-10-10 00:00:00','2021-10-10 00:00:00'),
	(333,'Accord',29,'2021-10-10 00:00:00','2021-10-10 00:00:00'),
	(334,'Civic',29,'2021-10-10 00:00:00','2021-10-10 00:00:00'),
	(335,'Crx',29,'2021-10-10 00:00:00','2021-10-10 00:00:00'),
	(336,'Prelude',29,'2021-10-10 00:00:00','2021-10-10 00:00:00'),
	(337,'Nsx',29,'2021-10-10 00:00:00','2021-10-10 00:00:00'),
	(338,'Legend',29,'2021-10-10 00:00:00','2021-10-10 00:00:00'),
	(339,'Crv',29,'2021-10-10 00:00:00','2021-10-10 00:00:00'),
	(340,'Hrv',29,'2021-10-10 00:00:00','2021-10-10 00:00:00'),
	(341,'Logo',29,'2021-10-10 00:00:00','2021-10-10 00:00:00'),
	(342,'S2000',29,'2021-10-10 00:00:00','2021-10-10 00:00:00'),
	(343,'Stream',29,'2021-10-10 00:00:00','2021-10-10 00:00:00'),
	(344,'Jazz',29,'2021-10-10 00:00:00','2021-10-10 00:00:00'),
	(345,'Frv',29,'2021-10-10 00:00:00','2021-10-10 00:00:00'),
	(346,'Concerto',29,'2021-10-10 00:00:00','2021-10-10 00:00:00'),
	(347,'Insight',29,'2021-10-10 00:00:00','2021-10-10 00:00:00'),
	(348,'Crz',29,'2021-10-10 00:00:00','2021-10-10 00:00:00'),
	(349,'H2',30,'2021-10-10 00:00:00','2021-10-10 00:00:00'),
	(350,'H3',30,'2021-10-10 00:00:00','2021-10-10 00:00:00'),
	(351,'H3t',30,'2021-10-10 00:00:00','2021-10-10 00:00:00'),
	(352,'Lantra',31,'2021-10-10 00:00:00','2021-10-10 00:00:00'),
	(353,'Sonata',31,'2021-10-10 00:00:00','2021-10-10 00:00:00'),
	(354,'Elantra',31,'2021-10-10 00:00:00','2021-10-10 00:00:00'),
	(355,'Accent',31,'2021-10-10 00:00:00','2021-10-10 00:00:00'),
	(356,'Scoupe',31,'2021-10-10 00:00:00','2021-10-10 00:00:00'),
	(357,'Coupe',31,'2021-10-10 00:00:00','2021-10-10 00:00:00'),
	(358,'Atos',31,'2021-10-10 00:00:00','2021-10-10 00:00:00'),
	(359,'H1',31,'2021-10-10 00:00:00','2021-10-10 00:00:00'),
	(360,'Atos Prime',31,'2021-10-10 00:00:00','2021-10-10 00:00:00'),
	(361,'Xg',31,'2021-10-10 00:00:00','2021-10-10 00:00:00'),
	(362,'Trajet',31,'2021-10-10 00:00:00','2021-10-10 00:00:00'),
	(363,'Santa Fe',31,'2021-10-10 00:00:00','2021-10-10 00:00:00'),
	(364,'Terracan',31,'2021-10-10 00:00:00','2021-10-10 00:00:00'),
	(365,'Matrix',31,'2021-10-10 00:00:00','2021-10-10 00:00:00'),
	(366,'Getz',31,'2021-10-10 00:00:00','2021-10-10 00:00:00'),
	(367,'Tucson',31,'2021-10-10 00:00:00','2021-10-10 00:00:00'),
	(368,'I30',31,'2021-10-10 00:00:00','2021-10-10 00:00:00'),
	(369,'Pony',31,'2021-10-10 00:00:00','2021-10-10 00:00:00'),
	(370,'Grandeur',31,'2021-10-10 00:00:00','2021-10-10 00:00:00'),
	(371,'I10',31,'2021-10-10 00:00:00','2021-10-10 00:00:00'),
	(372,'I800',31,'2021-10-10 00:00:00','2021-10-10 00:00:00'),
	(373,'Sonata Fl',31,'2021-10-10 00:00:00','2021-10-10 00:00:00'),
	(374,'Ix55',31,'2021-10-10 00:00:00','2021-10-10 00:00:00'),
	(375,'I20',31,'2021-10-10 00:00:00','2021-10-10 00:00:00'),
	(376,'Ix35',31,'2021-10-10 00:00:00','2021-10-10 00:00:00'),
	(377,'Ix20',31,'2021-10-10 00:00:00','2021-10-10 00:00:00'),
	(378,'Genesis',31,'2021-10-10 00:00:00','2021-10-10 00:00:00'),
	(379,'I40',31,'2021-10-10 00:00:00','2021-10-10 00:00:00'),
	(380,'Veloster',31,'2021-10-10 00:00:00','2021-10-10 00:00:00'),
	(381,'G',32,'2021-10-10 00:00:00','2021-10-10 00:00:00'),
	(382,'Ex',32,'2021-10-10 00:00:00','2021-10-10 00:00:00'),
	(383,'Fx',32,'2021-10-10 00:00:00','2021-10-10 00:00:00'),
	(384,'M',32,'2021-10-10 00:00:00','2021-10-10 00:00:00'),
	(385,'Elba',33,'2021-10-10 00:00:00','2021-10-10 00:00:00'),
	(386,'Minitre',33,'2021-10-10 00:00:00','2021-10-10 00:00:00'),
	(387,'Trooper',34,'2021-10-10 00:00:00','2021-10-10 00:00:00'),
	(388,'Pick Up',34,'2021-10-10 00:00:00','2021-10-10 00:00:00'),
	(389,'D Max',34,'2021-10-10 00:00:00','2021-10-10 00:00:00'),
	(390,'Rodeo',34,'2021-10-10 00:00:00','2021-10-10 00:00:00'),
	(391,'Dmax',34,'2021-10-10 00:00:00','2021-10-10 00:00:00'),
	(392,'Trroper',34,'2021-10-10 00:00:00','2021-10-10 00:00:00'),
	(393,'Daily',35,'2021-10-10 00:00:00','2021-10-10 00:00:00'),
	(394,'Massif',35,'2021-10-10 00:00:00','2021-10-10 00:00:00'),
	(395,'Daily',36,'2021-10-10 00:00:00','2021-10-10 00:00:00'),
	(396,'Duty',36,'2021-10-10 00:00:00','2021-10-10 00:00:00'),
	(397,'Serie Xj',37,'2021-10-10 00:00:00','2021-10-10 00:00:00'),
	(398,'Serie Xk',37,'2021-10-10 00:00:00','2021-10-10 00:00:00'),
	(399,'Xj',37,'2021-10-10 00:00:00','2021-10-10 00:00:00'),
	(400,'Stype',37,'2021-10-10 00:00:00','2021-10-10 00:00:00'),
	(401,'Xf',37,'2021-10-10 00:00:00','2021-10-10 00:00:00'),
	(402,'Xtype',37,'2021-10-10 00:00:00','2021-10-10 00:00:00'),
	(403,'Wrangler',38,'2021-10-10 00:00:00','2021-10-10 00:00:00'),
	(404,'Cherokee',38,'2021-10-10 00:00:00','2021-10-10 00:00:00'),
	(405,'Grand Cherokee',38,'2021-10-10 00:00:00','2021-10-10 00:00:00'),
	(406,'Commander',38,'2021-10-10 00:00:00','2021-10-10 00:00:00'),
	(407,'Compass',38,'2021-10-10 00:00:00','2021-10-10 00:00:00'),
	(408,'Wrangler Unlimited',38,'2021-10-10 00:00:00','2021-10-10 00:00:00'),
	(409,'Patriot',38,'2021-10-10 00:00:00','2021-10-10 00:00:00'),
	(410,'Sportage',39,'2021-10-10 00:00:00','2021-10-10 00:00:00'),
	(411,'Sephia',39,'2021-10-10 00:00:00','2021-10-10 00:00:00'),
	(412,'Sephia Ii',39,'2021-10-10 00:00:00','2021-10-10 00:00:00'),
	(413,'Pride',39,'2021-10-10 00:00:00','2021-10-10 00:00:00'),
	(414,'Clarus',39,'2021-10-10 00:00:00','2021-10-10 00:00:00'),
	(415,'Shuma',39,'2021-10-10 00:00:00','2021-10-10 00:00:00'),
	(416,'Carnival',39,'2021-10-10 00:00:00','2021-10-10 00:00:00'),
	(417,'Joice',39,'2021-10-10 00:00:00','2021-10-10 00:00:00'),
	(418,'Magentis',39,'2021-10-10 00:00:00','2021-10-10 00:00:00'),
	(419,'Carens',39,'2021-10-10 00:00:00','2021-10-10 00:00:00'),
	(420,'Rio',39,'2021-10-10 00:00:00','2021-10-10 00:00:00'),
	(421,'Cerato',39,'2021-10-10 00:00:00','2021-10-10 00:00:00'),
	(422,'Sorento',39,'2021-10-10 00:00:00','2021-10-10 00:00:00'),
	(423,'Opirus',39,'2021-10-10 00:00:00','2021-10-10 00:00:00'),
	(424,'Picanto',39,'2021-10-10 00:00:00','2021-10-10 00:00:00'),
	(425,'Ceed',39,'2021-10-10 00:00:00','2021-10-10 00:00:00'),
	(426,'Ceed Sporty Wagon',39,'2021-10-10 00:00:00','2021-10-10 00:00:00'),
	(427,'Proceed',39,'2021-10-10 00:00:00','2021-10-10 00:00:00'),
	(428,'K2500 Frontier',39,'2021-10-10 00:00:00','2021-10-10 00:00:00'),
	(429,'K2500',39,'2021-10-10 00:00:00','2021-10-10 00:00:00'),
	(430,'Soul',39,'2021-10-10 00:00:00','2021-10-10 00:00:00'),
	(431,'Venga',39,'2021-10-10 00:00:00','2021-10-10 00:00:00'),
	(432,'Optima',39,'2021-10-10 00:00:00','2021-10-10 00:00:00'),
	(433,'Ceed Sportswagon',39,'2021-10-10 00:00:00','2021-10-10 00:00:00'),
	(434,'Samara',40,'2021-10-10 00:00:00','2021-10-10 00:00:00'),
	(435,'Niva',40,'2021-10-10 00:00:00','2021-10-10 00:00:00'),
	(436,'Sagona',40,'2021-10-10 00:00:00','2021-10-10 00:00:00'),
	(437,'Stawra 2110',40,'2021-10-10 00:00:00','2021-10-10 00:00:00'),
	(438,'214',40,'2021-10-10 00:00:00','2021-10-10 00:00:00'),
	(439,'Kalina',40,'2021-10-10 00:00:00','2021-10-10 00:00:00'),
	(440,'Serie 2100',40,'2021-10-10 00:00:00','2021-10-10 00:00:00'),
	(441,'Priora',40,'2021-10-10 00:00:00','2021-10-10 00:00:00'),
	(442,'Gallardo',41,'2021-10-10 00:00:00','2021-10-10 00:00:00'),
	(443,'Murcielago',41,'2021-10-10 00:00:00','2021-10-10 00:00:00'),
	(444,'Aventador',41,'2021-10-10 00:00:00','2021-10-10 00:00:00'),
	(445,'Delta',42,'2021-10-10 00:00:00','2021-10-10 00:00:00'),
	(446,'K',42,'2021-10-10 00:00:00','2021-10-10 00:00:00'),
	(447,'Y10',42,'2021-10-10 00:00:00','2021-10-10 00:00:00'),
	(448,'Dedra',42,'2021-10-10 00:00:00','2021-10-10 00:00:00'),
	(449,'Lybra',42,'2021-10-10 00:00:00','2021-10-10 00:00:00'),
	(450,'Z',42,'2021-10-10 00:00:00','2021-10-10 00:00:00'),
	(451,'Y',42,'2021-10-10 00:00:00','2021-10-10 00:00:00'),
	(452,'Ypsilon',42,'2021-10-10 00:00:00','2021-10-10 00:00:00'),
	(453,'Thesis',42,'2021-10-10 00:00:00','2021-10-10 00:00:00'),
	(454,'Phedra',42,'2021-10-10 00:00:00','2021-10-10 00:00:00'),
	(455,'Musa',42,'2021-10-10 00:00:00','2021-10-10 00:00:00'),
	(456,'Thema',42,'2021-10-10 00:00:00','2021-10-10 00:00:00'),
	(457,'Zeta',42,'2021-10-10 00:00:00','2021-10-10 00:00:00'),
	(458,'Kappa',42,'2021-10-10 00:00:00','2021-10-10 00:00:00'),
	(459,'Trevi',42,'2021-10-10 00:00:00','2021-10-10 00:00:00'),
	(460,'Prisma',42,'2021-10-10 00:00:00','2021-10-10 00:00:00'),
	(461,'A112',42,'2021-10-10 00:00:00','2021-10-10 00:00:00'),
	(462,'Ypsilon Elefantino',42,'2021-10-10 00:00:00','2021-10-10 00:00:00'),
	(463,'Voyager',42,'2021-10-10 00:00:00','2021-10-10 00:00:00'),
	(464,'Range Rover',43,'2021-10-10 00:00:00','2021-10-10 00:00:00'),
	(465,'Defender',43,'2021-10-10 00:00:00','2021-10-10 00:00:00'),
	(466,'Discovery',43,'2021-10-10 00:00:00','2021-10-10 00:00:00'),
	(467,'Freelander',43,'2021-10-10 00:00:00','2021-10-10 00:00:00'),
	(468,'Range Rover Sport',43,'2021-10-10 00:00:00','2021-10-10 00:00:00'),
	(469,'Discovery 4',43,'2021-10-10 00:00:00','2021-10-10 00:00:00'),
	(470,'Range Rover Evoque',43,'2021-10-10 00:00:00','2021-10-10 00:00:00'),
	(471,'Maxus',44,'2021-10-10 00:00:00','2021-10-10 00:00:00'),
	(472,'Ls400',45,'2021-10-10 00:00:00','2021-10-10 00:00:00'),
	(473,'Ls430',45,'2021-10-10 00:00:00','2021-10-10 00:00:00'),
	(474,'Gs300',45,'2021-10-10 00:00:00','2021-10-10 00:00:00'),
	(475,'Is200',45,'2021-10-10 00:00:00','2021-10-10 00:00:00'),
	(476,'Rx300',45,'2021-10-10 00:00:00','2021-10-10 00:00:00'),
	(477,'Gs430',45,'2021-10-10 00:00:00','2021-10-10 00:00:00'),
	(478,'Gs460',45,'2021-10-10 00:00:00','2021-10-10 00:00:00'),
	(479,'Sc430',45,'2021-10-10 00:00:00','2021-10-10 00:00:00'),
	(480,'Is300',45,'2021-10-10 00:00:00','2021-10-10 00:00:00'),
	(481,'Is250',45,'2021-10-10 00:00:00','2021-10-10 00:00:00'),
	(482,'Rx400h',45,'2021-10-10 00:00:00','2021-10-10 00:00:00'),
	(483,'Is220d',45,'2021-10-10 00:00:00','2021-10-10 00:00:00'),
	(484,'Rx350',45,'2021-10-10 00:00:00','2021-10-10 00:00:00'),
	(485,'Gs450h',45,'2021-10-10 00:00:00','2021-10-10 00:00:00'),
	(486,'Ls460',45,'2021-10-10 00:00:00','2021-10-10 00:00:00'),
	(487,'Ls600h',45,'2021-10-10 00:00:00','2021-10-10 00:00:00'),
	(488,'Ls',45,'2021-10-10 00:00:00','2021-10-10 00:00:00'),
	(489,'Gs',45,'2021-10-10 00:00:00','2021-10-10 00:00:00'),
	(490,'Is',45,'2021-10-10 00:00:00','2021-10-10 00:00:00'),
	(491,'Sc',45,'2021-10-10 00:00:00','2021-10-10 00:00:00'),
	(492,'Rx',45,'2021-10-10 00:00:00','2021-10-10 00:00:00'),
	(493,'Ct',45,'2021-10-10 00:00:00','2021-10-10 00:00:00'),
	(494,'Elise',46,'2021-10-10 00:00:00','2021-10-10 00:00:00'),
	(495,'Exige',46,'2021-10-10 00:00:00','2021-10-10 00:00:00'),
	(496,'Bolero Pickup',47,'2021-10-10 00:00:00','2021-10-10 00:00:00'),
	(497,'Goa Pickup',47,'2021-10-10 00:00:00','2021-10-10 00:00:00'),
	(498,'Goa',47,'2021-10-10 00:00:00','2021-10-10 00:00:00'),
	(499,'Cj',47,'2021-10-10 00:00:00','2021-10-10 00:00:00'),
	(500,'Pikup',47,'2021-10-10 00:00:00','2021-10-10 00:00:00'),
	(501,'Thar',47,'2021-10-10 00:00:00','2021-10-10 00:00:00'),
	(502,'Ghibli',48,'2021-10-10 00:00:00','2021-10-10 00:00:00'),
	(503,'Shamal',48,'2021-10-10 00:00:00','2021-10-10 00:00:00'),
	(504,'Quattroporte',48,'2021-10-10 00:00:00','2021-10-10 00:00:00'),
	(505,'3200 Gt',48,'2021-10-10 00:00:00','2021-10-10 00:00:00'),
	(506,'Coupe',48,'2021-10-10 00:00:00','2021-10-10 00:00:00'),
	(507,'Spyder',48,'2021-10-10 00:00:00','2021-10-10 00:00:00'),
	(508,'Gransport',48,'2021-10-10 00:00:00','2021-10-10 00:00:00'),
	(509,'Granturismo',48,'2021-10-10 00:00:00','2021-10-10 00:00:00'),
	(510,'430',48,'2021-10-10 00:00:00','2021-10-10 00:00:00'),
	(511,'Biturbo',48,'2021-10-10 00:00:00','2021-10-10 00:00:00'),
	(512,'228',48,'2021-10-10 00:00:00','2021-10-10 00:00:00'),
	(513,'224',48,'2021-10-10 00:00:00','2021-10-10 00:00:00'),
	(514,'Grancabrio',48,'2021-10-10 00:00:00','2021-10-10 00:00:00'),
	(515,'Maybach',49,'2021-10-10 00:00:00','2021-10-10 00:00:00'),
	(516,'Xedos 6',50,'2021-10-10 00:00:00','2021-10-10 00:00:00'),
	(517,'626',50,'2021-10-10 00:00:00','2021-10-10 00:00:00'),
	(518,'121',50,'2021-10-10 00:00:00','2021-10-10 00:00:00'),
	(519,'Xedos 9',50,'2021-10-10 00:00:00','2021-10-10 00:00:00'),
	(520,'323',50,'2021-10-10 00:00:00','2021-10-10 00:00:00'),
	(521,'Mx3',50,'2021-10-10 00:00:00','2021-10-10 00:00:00'),
	(522,'Rx7',50,'2021-10-10 00:00:00','2021-10-10 00:00:00'),
	(523,'Mx5',50,'2021-10-10 00:00:00','2021-10-10 00:00:00'),
	(524,'Mazda3',50,'2021-10-10 00:00:00','2021-10-10 00:00:00'),
	(525,'Mpv',50,'2021-10-10 00:00:00','2021-10-10 00:00:00'),
	(526,'Demio',50,'2021-10-10 00:00:00','2021-10-10 00:00:00'),
	(527,'Premacy',50,'2021-10-10 00:00:00','2021-10-10 00:00:00'),
	(528,'Tribute',50,'2021-10-10 00:00:00','2021-10-10 00:00:00'),
	(529,'Mazda6',50,'2021-10-10 00:00:00','2021-10-10 00:00:00'),
	(530,'Mazda2',50,'2021-10-10 00:00:00','2021-10-10 00:00:00'),
	(531,'Rx8',50,'2021-10-10 00:00:00','2021-10-10 00:00:00'),
	(532,'Mazda5',50,'2021-10-10 00:00:00','2021-10-10 00:00:00'),
	(533,'Cx7',50,'2021-10-10 00:00:00','2021-10-10 00:00:00'),
	(534,'Serie B',50,'2021-10-10 00:00:00','2021-10-10 00:00:00'),
	(535,'B2500',50,'2021-10-10 00:00:00','2021-10-10 00:00:00'),
	(536,'Bt50',50,'2021-10-10 00:00:00','2021-10-10 00:00:00'),
	(537,'Mx6',50,'2021-10-10 00:00:00','2021-10-10 00:00:00'),
	(538,'929',50,'2021-10-10 00:00:00','2021-10-10 00:00:00'),
	(539,'Cx5',50,'2021-10-10 00:00:00','2021-10-10 00:00:00'),
	(540,'Clase C',51,'2021-10-10 00:00:00','2021-10-10 00:00:00'),
	(541,'Clase E',51,'2021-10-10 00:00:00','2021-10-10 00:00:00'),
	(542,'Clase Sl',51,'2021-10-10 00:00:00','2021-10-10 00:00:00'),
	(543,'Clase S',51,'2021-10-10 00:00:00','2021-10-10 00:00:00'),
	(544,'Clase Cl',51,'2021-10-10 00:00:00','2021-10-10 00:00:00'),
	(545,'Clase G',51,'2021-10-10 00:00:00','2021-10-10 00:00:00'),
	(546,'Clase Slk',51,'2021-10-10 00:00:00','2021-10-10 00:00:00'),
	(547,'Clase V',51,'2021-10-10 00:00:00','2021-10-10 00:00:00'),
	(548,'Viano',51,'2021-10-10 00:00:00','2021-10-10 00:00:00'),
	(549,'Clase Clk',51,'2021-10-10 00:00:00','2021-10-10 00:00:00'),
	(550,'Clase A',51,'2021-10-10 00:00:00','2021-10-10 00:00:00'),
	(551,'Clase M',51,'2021-10-10 00:00:00','2021-10-10 00:00:00'),
	(552,'Vaneo',51,'2021-10-10 00:00:00','2021-10-10 00:00:00'),
	(553,'Slklasse',51,'2021-10-10 00:00:00','2021-10-10 00:00:00'),
	(554,'Slr Mclaren',51,'2021-10-10 00:00:00','2021-10-10 00:00:00'),
	(555,'Clase Cls',51,'2021-10-10 00:00:00','2021-10-10 00:00:00'),
	(556,'Clase R',51,'2021-10-10 00:00:00','2021-10-10 00:00:00'),
	(557,'Clase Gl',51,'2021-10-10 00:00:00','2021-10-10 00:00:00'),
	(558,'Clase B',51,'2021-10-10 00:00:00','2021-10-10 00:00:00'),
	(559,'100d',51,'2021-10-10 00:00:00','2021-10-10 00:00:00'),
	(560,'140d',51,'2021-10-10 00:00:00','2021-10-10 00:00:00'),
	(561,'180d',51,'2021-10-10 00:00:00','2021-10-10 00:00:00'),
	(562,'Sprinter',51,'2021-10-10 00:00:00','2021-10-10 00:00:00'),
	(563,'Vito',51,'2021-10-10 00:00:00','2021-10-10 00:00:00'),
	(564,'Transporter',51,'2021-10-10 00:00:00','2021-10-10 00:00:00'),
	(565,'280',51,'2021-10-10 00:00:00','2021-10-10 00:00:00'),
	(566,'220',51,'2021-10-10 00:00:00','2021-10-10 00:00:00'),
	(567,'200',51,'2021-10-10 00:00:00','2021-10-10 00:00:00'),
	(568,'190',51,'2021-10-10 00:00:00','2021-10-10 00:00:00'),
	(569,'600',51,'2021-10-10 00:00:00','2021-10-10 00:00:00'),
	(570,'400',51,'2021-10-10 00:00:00','2021-10-10 00:00:00'),
	(571,'Clase Sl R129',51,'2021-10-10 00:00:00','2021-10-10 00:00:00'),
	(572,'300',51,'2021-10-10 00:00:00','2021-10-10 00:00:00'),
	(573,'500',51,'2021-10-10 00:00:00','2021-10-10 00:00:00'),
	(574,'420',51,'2021-10-10 00:00:00','2021-10-10 00:00:00'),
	(575,'260',51,'2021-10-10 00:00:00','2021-10-10 00:00:00'),
	(576,'230',51,'2021-10-10 00:00:00','2021-10-10 00:00:00'),
	(577,'Clase Clc',51,'2021-10-10 00:00:00','2021-10-10 00:00:00'),
	(578,'Clase Glk',51,'2021-10-10 00:00:00','2021-10-10 00:00:00'),
	(579,'Sls Amg',51,'2021-10-10 00:00:00','2021-10-10 00:00:00'),
	(580,'Mgf',52,'2021-10-10 00:00:00','2021-10-10 00:00:00'),
	(581,'Tf',52,'2021-10-10 00:00:00','2021-10-10 00:00:00'),
	(582,'Zr',52,'2021-10-10 00:00:00','2021-10-10 00:00:00'),
	(583,'Zs',52,'2021-10-10 00:00:00','2021-10-10 00:00:00'),
	(584,'Zt',52,'2021-10-10 00:00:00','2021-10-10 00:00:00'),
	(585,'Ztt',52,'2021-10-10 00:00:00','2021-10-10 00:00:00'),
	(586,'Mini',52,'2021-10-10 00:00:00','2021-10-10 00:00:00'),
	(587,'Countryman',52,'2021-10-10 00:00:00','2021-10-10 00:00:00'),
	(588,'Paceman',52,'2021-10-10 00:00:00','2021-10-10 00:00:00'),
	(589,'Montero',54,'2021-10-10 00:00:00','2021-10-10 00:00:00'),
	(590,'Galant',54,'2021-10-10 00:00:00','2021-10-10 00:00:00'),
	(591,'Colt',54,'2021-10-10 00:00:00','2021-10-10 00:00:00'),
	(592,'Space Wagon',54,'2021-10-10 00:00:00','2021-10-10 00:00:00'),
	(593,'Space Runner',54,'2021-10-10 00:00:00','2021-10-10 00:00:00'),
	(594,'Space Gear',54,'2021-10-10 00:00:00','2021-10-10 00:00:00'),
	(595,'3000 Gt',54,'2021-10-10 00:00:00','2021-10-10 00:00:00'),
	(596,'Carisma',54,'2021-10-10 00:00:00','2021-10-10 00:00:00'),
	(597,'Eclipse',54,'2021-10-10 00:00:00','2021-10-10 00:00:00'),
	(598,'Space Star',54,'2021-10-10 00:00:00','2021-10-10 00:00:00'),
	(599,'Montero Sport',54,'2021-10-10 00:00:00','2021-10-10 00:00:00'),
	(600,'Montero Io',54,'2021-10-10 00:00:00','2021-10-10 00:00:00'),
	(601,'Outlander',54,'2021-10-10 00:00:00','2021-10-10 00:00:00'),
	(602,'Lancer',54,'2021-10-10 00:00:00','2021-10-10 00:00:00'),
	(603,'Grandis',54,'2021-10-10 00:00:00','2021-10-10 00:00:00'),
	(604,'L200',54,'2021-10-10 00:00:00','2021-10-10 00:00:00'),
	(605,'Canter',54,'2021-10-10 00:00:00','2021-10-10 00:00:00'),
	(606,'300 Gt',54,'2021-10-10 00:00:00','2021-10-10 00:00:00'),
	(607,'Asx',54,'2021-10-10 00:00:00','2021-10-10 00:00:00'),
	(608,'Imiev',54,'2021-10-10 00:00:00','2021-10-10 00:00:00'),
	(609,'44',55,'2021-10-10 00:00:00','2021-10-10 00:00:00'),
	(610,'Plus 8',55,'2021-10-10 00:00:00','2021-10-10 00:00:00'),
	(611,'Aero 8',55,'2021-10-10 00:00:00','2021-10-10 00:00:00'),
	(612,'V6',55,'2021-10-10 00:00:00','2021-10-10 00:00:00'),
	(613,'Roadster',55,'2021-10-10 00:00:00','2021-10-10 00:00:00'),
	(614,'4',55,'2021-10-10 00:00:00','2021-10-10 00:00:00'),
	(615,'Plus 4',55,'2021-10-10 00:00:00','2021-10-10 00:00:00'),
	(616,'Terrano Ii',56,'2021-10-10 00:00:00','2021-10-10 00:00:00'),
	(617,'Terrano',56,'2021-10-10 00:00:00','2021-10-10 00:00:00'),
	(618,'Micra',56,'2021-10-10 00:00:00','2021-10-10 00:00:00'),
	(619,'Sunny',56,'2021-10-10 00:00:00','2021-10-10 00:00:00'),
	(620,'Primera',56,'2021-10-10 00:00:00','2021-10-10 00:00:00'),
	(621,'Serena',56,'2021-10-10 00:00:00','2021-10-10 00:00:00'),
	(622,'Patrol',56,'2021-10-10 00:00:00','2021-10-10 00:00:00'),
	(623,'Maxima Qx',56,'2021-10-10 00:00:00','2021-10-10 00:00:00'),
	(624,'200 Sx',56,'2021-10-10 00:00:00','2021-10-10 00:00:00'),
	(625,'300 Zx',56,'2021-10-10 00:00:00','2021-10-10 00:00:00'),
	(626,'Patrol Gr',56,'2021-10-10 00:00:00','2021-10-10 00:00:00'),
	(627,'100 Nx',56,'2021-10-10 00:00:00','2021-10-10 00:00:00'),
	(628,'Almera',56,'2021-10-10 00:00:00','2021-10-10 00:00:00'),
	(629,'Pathfinder',56,'2021-10-10 00:00:00','2021-10-10 00:00:00'),
	(630,'Almera Tino',56,'2021-10-10 00:00:00','2021-10-10 00:00:00'),
	(631,'Xtrail',56,'2021-10-10 00:00:00','2021-10-10 00:00:00'),
	(632,'350z',56,'2021-10-10 00:00:00','2021-10-10 00:00:00'),
	(633,'Murano',56,'2021-10-10 00:00:00','2021-10-10 00:00:00'),
	(634,'Note',56,'2021-10-10 00:00:00','2021-10-10 00:00:00'),
	(635,'Qashqai',56,'2021-10-10 00:00:00','2021-10-10 00:00:00'),
	(636,'Tiida',56,'2021-10-10 00:00:00','2021-10-10 00:00:00'),
	(637,'Vanette',56,'2021-10-10 00:00:00','2021-10-10 00:00:00'),
	(638,'Trade',56,'2021-10-10 00:00:00','2021-10-10 00:00:00'),
	(639,'Vanette Cargo',56,'2021-10-10 00:00:00','2021-10-10 00:00:00'),
	(640,'Pickup',56,'2021-10-10 00:00:00','2021-10-10 00:00:00'),
	(641,'Navara',56,'2021-10-10 00:00:00','2021-10-10 00:00:00'),
	(642,'Cabstar E',56,'2021-10-10 00:00:00','2021-10-10 00:00:00'),
	(643,'Cabstar',56,'2021-10-10 00:00:00','2021-10-10 00:00:00'),
	(644,'Maxima',56,'2021-10-10 00:00:00','2021-10-10 00:00:00'),
	(645,'Camion',56,'2021-10-10 00:00:00','2021-10-10 00:00:00'),
	(646,'Prairie',56,'2021-10-10 00:00:00','2021-10-10 00:00:00'),
	(647,'Bluebird',56,'2021-10-10 00:00:00','2021-10-10 00:00:00'),
	(648,'Np300 Pick Up',56,'2021-10-10 00:00:00','2021-10-10 00:00:00'),
	(649,'Qashqai2',56,'2021-10-10 00:00:00','2021-10-10 00:00:00'),
	(650,'Pixo',56,'2021-10-10 00:00:00','2021-10-10 00:00:00'),
	(651,'Gtr',56,'2021-10-10 00:00:00','2021-10-10 00:00:00'),
	(652,'370z',56,'2021-10-10 00:00:00','2021-10-10 00:00:00'),
	(653,'Cube',56,'2021-10-10 00:00:00','2021-10-10 00:00:00'),
	(654,'Juke',56,'2021-10-10 00:00:00','2021-10-10 00:00:00'),
	(655,'Leaf',56,'2021-10-10 00:00:00','2021-10-10 00:00:00'),
	(656,'Evalia',56,'2021-10-10 00:00:00','2021-10-10 00:00:00'),
	(657,'Astra',57,'2021-10-10 00:00:00','2021-10-10 00:00:00'),
	(658,'Vectra',57,'2021-10-10 00:00:00','2021-10-10 00:00:00'),
	(659,'Calibra',57,'2021-10-10 00:00:00','2021-10-10 00:00:00'),
	(660,'Corsa',57,'2021-10-10 00:00:00','2021-10-10 00:00:00'),
	(661,'Omega',57,'2021-10-10 00:00:00','2021-10-10 00:00:00'),
	(662,'Frontera',57,'2021-10-10 00:00:00','2021-10-10 00:00:00'),
	(663,'Tigra',57,'2021-10-10 00:00:00','2021-10-10 00:00:00'),
	(664,'Monterey',57,'2021-10-10 00:00:00','2021-10-10 00:00:00'),
	(665,'Sintra',57,'2021-10-10 00:00:00','2021-10-10 00:00:00'),
	(666,'Zafira',57,'2021-10-10 00:00:00','2021-10-10 00:00:00'),
	(667,'Agila',57,'2021-10-10 00:00:00','2021-10-10 00:00:00'),
	(668,'Speedster',57,'2021-10-10 00:00:00','2021-10-10 00:00:00'),
	(669,'Signum',57,'2021-10-10 00:00:00','2021-10-10 00:00:00'),
	(670,'Meriva',57,'2021-10-10 00:00:00','2021-10-10 00:00:00'),
	(671,'Antara',57,'2021-10-10 00:00:00','2021-10-10 00:00:00'),
	(672,'Gt',57,'2021-10-10 00:00:00','2021-10-10 00:00:00'),
	(673,'Combo',57,'2021-10-10 00:00:00','2021-10-10 00:00:00'),
	(674,'Movano',57,'2021-10-10 00:00:00','2021-10-10 00:00:00'),
	(675,'Vivaro',57,'2021-10-10 00:00:00','2021-10-10 00:00:00'),
	(676,'Kadett',57,'2021-10-10 00:00:00','2021-10-10 00:00:00'),
	(677,'Monza',57,'2021-10-10 00:00:00','2021-10-10 00:00:00'),
	(678,'Senator',57,'2021-10-10 00:00:00','2021-10-10 00:00:00'),
	(679,'Rekord',57,'2021-10-10 00:00:00','2021-10-10 00:00:00'),
	(680,'Manta',57,'2021-10-10 00:00:00','2021-10-10 00:00:00'),
	(681,'Ascona',57,'2021-10-10 00:00:00','2021-10-10 00:00:00'),
	(682,'Insignia',57,'2021-10-10 00:00:00','2021-10-10 00:00:00'),
	(683,'Zafira Tourer',57,'2021-10-10 00:00:00','2021-10-10 00:00:00'),
	(684,'Ampera',57,'2021-10-10 00:00:00','2021-10-10 00:00:00'),
	(685,'Mokka',57,'2021-10-10 00:00:00','2021-10-10 00:00:00'),
	(686,'Adam',57,'2021-10-10 00:00:00','2021-10-10 00:00:00'),
	(687,'306',58,'2021-10-10 00:00:00','2021-10-10 00:00:00'),
	(688,'605',58,'2021-10-10 00:00:00','2021-10-10 00:00:00'),
	(689,'106',58,'2021-10-10 00:00:00','2021-10-10 00:00:00'),
	(690,'205',58,'2021-10-10 00:00:00','2021-10-10 00:00:00'),
	(691,'405',58,'2021-10-10 00:00:00','2021-10-10 00:00:00'),
	(692,'406',58,'2021-10-10 00:00:00','2021-10-10 00:00:00'),
	(693,'806',58,'2021-10-10 00:00:00','2021-10-10 00:00:00'),
	(694,'807',58,'2021-10-10 00:00:00','2021-10-10 00:00:00'),
	(695,'407',58,'2021-10-10 00:00:00','2021-10-10 00:00:00'),
	(696,'307',58,'2021-10-10 00:00:00','2021-10-10 00:00:00'),
	(697,'206',58,'2021-10-10 00:00:00','2021-10-10 00:00:00'),
	(698,'607',58,'2021-10-10 00:00:00','2021-10-10 00:00:00'),
	(699,'308',58,'2021-10-10 00:00:00','2021-10-10 00:00:00'),
	(700,'307 Sw',58,'2021-10-10 00:00:00','2021-10-10 00:00:00'),
	(701,'206 Sw',58,'2021-10-10 00:00:00','2021-10-10 00:00:00'),
	(702,'407 Sw',58,'2021-10-10 00:00:00','2021-10-10 00:00:00'),
	(703,'1007',58,'2021-10-10 00:00:00','2021-10-10 00:00:00'),
	(704,'107',58,'2021-10-10 00:00:00','2021-10-10 00:00:00'),
	(705,'207',58,'2021-10-10 00:00:00','2021-10-10 00:00:00'),
	(706,'4007',58,'2021-10-10 00:00:00','2021-10-10 00:00:00'),
	(707,'Boxer',58,'2021-10-10 00:00:00','2021-10-10 00:00:00'),
	(708,'Partner',58,'2021-10-10 00:00:00','2021-10-10 00:00:00'),
	(709,'J5',58,'2021-10-10 00:00:00','2021-10-10 00:00:00'),
	(710,'604',58,'2021-10-10 00:00:00','2021-10-10 00:00:00'),
	(711,'505',58,'2021-10-10 00:00:00','2021-10-10 00:00:00'),
	(712,'309',58,'2021-10-10 00:00:00','2021-10-10 00:00:00'),
	(713,'Bipper',58,'2021-10-10 00:00:00','2021-10-10 00:00:00'),
	(714,'Partner Origin',58,'2021-10-10 00:00:00','2021-10-10 00:00:00'),
	(715,'3008',58,'2021-10-10 00:00:00','2021-10-10 00:00:00'),
	(716,'5008',58,'2021-10-10 00:00:00','2021-10-10 00:00:00'),
	(717,'Rcz',58,'2021-10-10 00:00:00','2021-10-10 00:00:00'),
	(718,'508',58,'2021-10-10 00:00:00','2021-10-10 00:00:00'),
	(719,'Ion',58,'2021-10-10 00:00:00','2021-10-10 00:00:00'),
	(720,'208',58,'2021-10-10 00:00:00','2021-10-10 00:00:00'),
	(721,'4008',58,'2021-10-10 00:00:00','2021-10-10 00:00:00'),
	(722,'Trans Sport',59,'2021-10-10 00:00:00','2021-10-10 00:00:00'),
	(723,'Firebird',59,'2021-10-10 00:00:00','2021-10-10 00:00:00'),
	(724,'Trans Am',59,'2021-10-10 00:00:00','2021-10-10 00:00:00'),
	(725,'911',60,'2021-10-10 00:00:00','2021-10-10 00:00:00'),
	(726,'Boxster',60,'2021-10-10 00:00:00','2021-10-10 00:00:00'),
	(727,'Cayenne',60,'2021-10-10 00:00:00','2021-10-10 00:00:00'),
	(728,'Carrera Gt',60,'2021-10-10 00:00:00','2021-10-10 00:00:00'),
	(729,'Cayman',60,'2021-10-10 00:00:00','2021-10-10 00:00:00'),
	(730,'928',60,'2021-10-10 00:00:00','2021-10-10 00:00:00'),
	(731,'968',60,'2021-10-10 00:00:00','2021-10-10 00:00:00'),
	(732,'944',60,'2021-10-10 00:00:00','2021-10-10 00:00:00'),
	(733,'924',60,'2021-10-10 00:00:00','2021-10-10 00:00:00'),
	(734,'Panamera',60,'2021-10-10 00:00:00','2021-10-10 00:00:00'),
	(735,'918',60,'2021-10-10 00:00:00','2021-10-10 00:00:00'),
	(736,'Megane',61,'2021-10-10 00:00:00','2021-10-10 00:00:00'),
	(737,'Safrane',61,'2021-10-10 00:00:00','2021-10-10 00:00:00'),
	(738,'Laguna',61,'2021-10-10 00:00:00','2021-10-10 00:00:00'),
	(739,'Clio',61,'2021-10-10 00:00:00','2021-10-10 00:00:00'),
	(740,'Twingo',61,'2021-10-10 00:00:00','2021-10-10 00:00:00'),
	(741,'Nevada',61,'2021-10-10 00:00:00','2021-10-10 00:00:00'),
	(742,'Espace',61,'2021-10-10 00:00:00','2021-10-10 00:00:00'),
	(743,'Spider',61,'2021-10-10 00:00:00','2021-10-10 00:00:00'),
	(744,'Scenic',61,'2021-10-10 00:00:00','2021-10-10 00:00:00'),
	(745,'Grand Espace',61,'2021-10-10 00:00:00','2021-10-10 00:00:00'),
	(746,'Avantime',61,'2021-10-10 00:00:00','2021-10-10 00:00:00'),
	(747,'Vel Satis',61,'2021-10-10 00:00:00','2021-10-10 00:00:00'),
	(748,'Grand Scenic',61,'2021-10-10 00:00:00','2021-10-10 00:00:00'),
	(749,'Clio Campus',61,'2021-10-10 00:00:00','2021-10-10 00:00:00'),
	(750,'Modus',61,'2021-10-10 00:00:00','2021-10-10 00:00:00'),
	(751,'Express',61,'2021-10-10 00:00:00','2021-10-10 00:00:00'),
	(752,'Trafic',61,'2021-10-10 00:00:00','2021-10-10 00:00:00'),
	(753,'Master',61,'2021-10-10 00:00:00','2021-10-10 00:00:00'),
	(754,'Kangoo',61,'2021-10-10 00:00:00','2021-10-10 00:00:00'),
	(755,'Mascott',61,'2021-10-10 00:00:00','2021-10-10 00:00:00'),
	(756,'Master Propulsion',61,'2021-10-10 00:00:00','2021-10-10 00:00:00'),
	(757,'Maxity',61,'2021-10-10 00:00:00','2021-10-10 00:00:00'),
	(758,'R19',61,'2021-10-10 00:00:00','2021-10-10 00:00:00'),
	(759,'R25',61,'2021-10-10 00:00:00','2021-10-10 00:00:00'),
	(760,'R5',61,'2021-10-10 00:00:00','2021-10-10 00:00:00'),
	(761,'R21',61,'2021-10-10 00:00:00','2021-10-10 00:00:00'),
	(762,'R4',61,'2021-10-10 00:00:00','2021-10-10 00:00:00'),
	(763,'Alpine',61,'2021-10-10 00:00:00','2021-10-10 00:00:00'),
	(764,'Fuego',61,'2021-10-10 00:00:00','2021-10-10 00:00:00'),
	(765,'R18',61,'2021-10-10 00:00:00','2021-10-10 00:00:00'),
	(766,'R11',61,'2021-10-10 00:00:00','2021-10-10 00:00:00'),
	(767,'R9',61,'2021-10-10 00:00:00','2021-10-10 00:00:00'),
	(768,'R6',61,'2021-10-10 00:00:00','2021-10-10 00:00:00'),
	(769,'Grand Modus',61,'2021-10-10 00:00:00','2021-10-10 00:00:00'),
	(770,'Kangoo Combi',61,'2021-10-10 00:00:00','2021-10-10 00:00:00'),
	(771,'Koleos',61,'2021-10-10 00:00:00','2021-10-10 00:00:00'),
	(772,'Fluence',61,'2021-10-10 00:00:00','2021-10-10 00:00:00'),
	(773,'Wind',61,'2021-10-10 00:00:00','2021-10-10 00:00:00'),
	(774,'Latitude',61,'2021-10-10 00:00:00','2021-10-10 00:00:00'),
	(775,'Grand Kangoo Combi',61,'2021-10-10 00:00:00','2021-10-10 00:00:00'),
	(776,'Siver Dawn',62,'2021-10-10 00:00:00','2021-10-10 00:00:00'),
	(777,'Silver Spur',62,'2021-10-10 00:00:00','2021-10-10 00:00:00'),
	(778,'Park Ward',62,'2021-10-10 00:00:00','2021-10-10 00:00:00'),
	(779,'Silver Seraph',62,'2021-10-10 00:00:00','2021-10-10 00:00:00'),
	(780,'Corniche',62,'2021-10-10 00:00:00','2021-10-10 00:00:00'),
	(781,'Phantom',62,'2021-10-10 00:00:00','2021-10-10 00:00:00'),
	(782,'Touring',62,'2021-10-10 00:00:00','2021-10-10 00:00:00'),
	(783,'Silvier',62,'2021-10-10 00:00:00','2021-10-10 00:00:00'),
	(784,'800',63,'2021-10-10 00:00:00','2021-10-10 00:00:00'),
	(785,'600',63,'2021-10-10 00:00:00','2021-10-10 00:00:00'),
	(786,'100',63,'2021-10-10 00:00:00','2021-10-10 00:00:00'),
	(787,'200',63,'2021-10-10 00:00:00','2021-10-10 00:00:00'),
	(788,'Coupe',63,'2021-10-10 00:00:00','2021-10-10 00:00:00'),
	(789,'400',63,'2021-10-10 00:00:00','2021-10-10 00:00:00'),
	(790,'45',63,'2021-10-10 00:00:00','2021-10-10 00:00:00'),
	(791,'Cabriolet',63,'2021-10-10 00:00:00','2021-10-10 00:00:00'),
	(792,'25',63,'2021-10-10 00:00:00','2021-10-10 00:00:00'),
	(793,'Mini',63,'2021-10-10 00:00:00','2021-10-10 00:00:00'),
	(794,'75',63,'2021-10-10 00:00:00','2021-10-10 00:00:00'),
	(795,'Streetwise',63,'2021-10-10 00:00:00','2021-10-10 00:00:00'),
	(796,'Sd',63,'2021-10-10 00:00:00','2021-10-10 00:00:00'),
	(797,'900',64,'2021-10-10 00:00:00','2021-10-10 00:00:00'),
	(798,'93',64,'2021-10-10 00:00:00','2021-10-10 00:00:00'),
	(799,'9000',64,'2021-10-10 00:00:00','2021-10-10 00:00:00'),
	(800,'95',64,'2021-10-10 00:00:00','2021-10-10 00:00:00'),
	(801,'93x',64,'2021-10-10 00:00:00','2021-10-10 00:00:00'),
	(802,'94x',64,'2021-10-10 00:00:00','2021-10-10 00:00:00'),
	(803,'300',65,'2021-10-10 00:00:00','2021-10-10 00:00:00'),
	(804,'350',65,'2021-10-10 00:00:00','2021-10-10 00:00:00'),
	(805,'Anibal',65,'2021-10-10 00:00:00','2021-10-10 00:00:00'),
	(806,'Anibal Pick Up',65,'2021-10-10 00:00:00','2021-10-10 00:00:00'),
	(807,'Ibiza',66,'2021-10-10 00:00:00','2021-10-10 00:00:00'),
	(808,'Cordoba',66,'2021-10-10 00:00:00','2021-10-10 00:00:00'),
	(809,'Toledo',66,'2021-10-10 00:00:00','2021-10-10 00:00:00'),
	(810,'Marbella',66,'2021-10-10 00:00:00','2021-10-10 00:00:00'),
	(811,'Alhambra',66,'2021-10-10 00:00:00','2021-10-10 00:00:00'),
	(812,'Arosa',66,'2021-10-10 00:00:00','2021-10-10 00:00:00'),
	(813,'Leon',66,'2021-10-10 00:00:00','2021-10-10 00:00:00'),
	(814,'Altea',66,'2021-10-10 00:00:00','2021-10-10 00:00:00'),
	(815,'Altea Xl',66,'2021-10-10 00:00:00','2021-10-10 00:00:00'),
	(816,'Altea Freetrack',66,'2021-10-10 00:00:00','2021-10-10 00:00:00'),
	(817,'Terra',66,'2021-10-10 00:00:00','2021-10-10 00:00:00'),
	(818,'Inca',66,'2021-10-10 00:00:00','2021-10-10 00:00:00'),
	(819,'Malaga',66,'2021-10-10 00:00:00','2021-10-10 00:00:00'),
	(820,'Ronda',66,'2021-10-10 00:00:00','2021-10-10 00:00:00'),
	(821,'Exeo',66,'2021-10-10 00:00:00','2021-10-10 00:00:00'),
	(822,'Mii',66,'2021-10-10 00:00:00','2021-10-10 00:00:00'),
	(823,'Felicia',67,'2021-10-10 00:00:00','2021-10-10 00:00:00'),
	(824,'Forman',67,'2021-10-10 00:00:00','2021-10-10 00:00:00'),
	(825,'Octavia',67,'2021-10-10 00:00:00','2021-10-10 00:00:00'),
	(826,'Octavia Tour',67,'2021-10-10 00:00:00','2021-10-10 00:00:00'),
	(827,'Fabia',67,'2021-10-10 00:00:00','2021-10-10 00:00:00'),
	(828,'Superb',67,'2021-10-10 00:00:00','2021-10-10 00:00:00'),
	(829,'Roomster',67,'2021-10-10 00:00:00','2021-10-10 00:00:00'),
	(830,'Scout',67,'2021-10-10 00:00:00','2021-10-10 00:00:00'),
	(831,'Pickup',67,'2021-10-10 00:00:00','2021-10-10 00:00:00'),
	(832,'Favorit',67,'2021-10-10 00:00:00','2021-10-10 00:00:00'),
	(833,'130',67,'2021-10-10 00:00:00','2021-10-10 00:00:00'),
	(834,'S',67,'2021-10-10 00:00:00','2021-10-10 00:00:00'),
	(835,'Yeti',67,'2021-10-10 00:00:00','2021-10-10 00:00:00'),
	(836,'Citigo',67,'2021-10-10 00:00:00','2021-10-10 00:00:00'),
	(837,'Rapid',67,'2021-10-10 00:00:00','2021-10-10 00:00:00'),
	(838,'Smart',68,'2021-10-10 00:00:00','2021-10-10 00:00:00'),
	(839,'Citycoupe',68,'2021-10-10 00:00:00','2021-10-10 00:00:00'),
	(840,'Fortwo',68,'2021-10-10 00:00:00','2021-10-10 00:00:00'),
	(841,'Cabrio',68,'2021-10-10 00:00:00','2021-10-10 00:00:00'),
	(842,'Crossblade',68,'2021-10-10 00:00:00','2021-10-10 00:00:00'),
	(843,'Roadster',68,'2021-10-10 00:00:00','2021-10-10 00:00:00'),
	(844,'Forfour',68,'2021-10-10 00:00:00','2021-10-10 00:00:00'),
	(845,'Korando',69,'2021-10-10 00:00:00','2021-10-10 00:00:00'),
	(846,'Family',69,'2021-10-10 00:00:00','2021-10-10 00:00:00'),
	(847,'K4d',69,'2021-10-10 00:00:00','2021-10-10 00:00:00'),
	(848,'Musso',69,'2021-10-10 00:00:00','2021-10-10 00:00:00'),
	(849,'Korando Kj',69,'2021-10-10 00:00:00','2021-10-10 00:00:00'),
	(850,'Rexton',69,'2021-10-10 00:00:00','2021-10-10 00:00:00'),
	(851,'Rexton Ii',69,'2021-10-10 00:00:00','2021-10-10 00:00:00'),
	(852,'Rodius',69,'2021-10-10 00:00:00','2021-10-10 00:00:00'),
	(853,'Kyron',69,'2021-10-10 00:00:00','2021-10-10 00:00:00'),
	(854,'Actyon',69,'2021-10-10 00:00:00','2021-10-10 00:00:00'),
	(855,'Sports Pick Up',69,'2021-10-10 00:00:00','2021-10-10 00:00:00'),
	(856,'Actyon Sports Pick Up',69,'2021-10-10 00:00:00','2021-10-10 00:00:00'),
	(857,'Kodando',69,'2021-10-10 00:00:00','2021-10-10 00:00:00'),
	(858,'Legacy',70,'2021-10-10 00:00:00','2021-10-10 00:00:00'),
	(859,'Impreza',70,'2021-10-10 00:00:00','2021-10-10 00:00:00'),
	(860,'Svx',70,'2021-10-10 00:00:00','2021-10-10 00:00:00'),
	(861,'Justy',70,'2021-10-10 00:00:00','2021-10-10 00:00:00'),
	(862,'Outback',70,'2021-10-10 00:00:00','2021-10-10 00:00:00'),
	(863,'Forester',70,'2021-10-10 00:00:00','2021-10-10 00:00:00'),
	(864,'G3x Justy',70,'2021-10-10 00:00:00','2021-10-10 00:00:00'),
	(865,'B9 Tribeca',70,'2021-10-10 00:00:00','2021-10-10 00:00:00'),
	(866,'Xt',70,'2021-10-10 00:00:00','2021-10-10 00:00:00'),
	(867,'1800',70,'2021-10-10 00:00:00','2021-10-10 00:00:00'),
	(868,'Tribeca',70,'2021-10-10 00:00:00','2021-10-10 00:00:00'),
	(869,'Wrx Sti',70,'2021-10-10 00:00:00','2021-10-10 00:00:00'),
	(870,'Trezia',70,'2021-10-10 00:00:00','2021-10-10 00:00:00'),
	(871,'Xv',70,'2021-10-10 00:00:00','2021-10-10 00:00:00'),
	(872,'Brz',70,'2021-10-10 00:00:00','2021-10-10 00:00:00'),
	(873,'Maruti',71,'2021-10-10 00:00:00','2021-10-10 00:00:00'),
	(874,'Swift',71,'2021-10-10 00:00:00','2021-10-10 00:00:00'),
	(875,'Vitara',71,'2021-10-10 00:00:00','2021-10-10 00:00:00'),
	(876,'Baleno',71,'2021-10-10 00:00:00','2021-10-10 00:00:00'),
	(877,'Samurai',71,'2021-10-10 00:00:00','2021-10-10 00:00:00'),
	(878,'Alto',71,'2021-10-10 00:00:00','2021-10-10 00:00:00'),
	(879,'Wagon R',71,'2021-10-10 00:00:00','2021-10-10 00:00:00'),
	(880,'Jimny',71,'2021-10-10 00:00:00','2021-10-10 00:00:00'),
	(881,'Grand Vitara',71,'2021-10-10 00:00:00','2021-10-10 00:00:00'),
	(882,'Ignis',71,'2021-10-10 00:00:00','2021-10-10 00:00:00'),
	(883,'Liana',71,'2021-10-10 00:00:00','2021-10-10 00:00:00'),
	(884,'Grand Vitara Xl7',71,'2021-10-10 00:00:00','2021-10-10 00:00:00'),
	(885,'Sx4',71,'2021-10-10 00:00:00','2021-10-10 00:00:00'),
	(886,'Splash',71,'2021-10-10 00:00:00','2021-10-10 00:00:00'),
	(887,'Kizashi',71,'2021-10-10 00:00:00','2021-10-10 00:00:00'),
	(888,'Samba',72,'2021-10-10 00:00:00','2021-10-10 00:00:00'),
	(889,'Tagora',72,'2021-10-10 00:00:00','2021-10-10 00:00:00'),
	(890,'Solara',72,'2021-10-10 00:00:00','2021-10-10 00:00:00'),
	(891,'Horizon',72,'2021-10-10 00:00:00','2021-10-10 00:00:00'),
	(892,'Telcosport',73,'2021-10-10 00:00:00','2021-10-10 00:00:00'),
	(893,'Telco',73,'2021-10-10 00:00:00','2021-10-10 00:00:00'),
	(894,'Sumo',73,'2021-10-10 00:00:00','2021-10-10 00:00:00'),
	(895,'Safari',73,'2021-10-10 00:00:00','2021-10-10 00:00:00'),
	(896,'Indica',73,'2021-10-10 00:00:00','2021-10-10 00:00:00'),
	(897,'Indigo',73,'2021-10-10 00:00:00','2021-10-10 00:00:00'),
	(898,'Grand Safari',73,'2021-10-10 00:00:00','2021-10-10 00:00:00'),
	(899,'Tl Pick Up',73,'2021-10-10 00:00:00','2021-10-10 00:00:00'),
	(900,'Xenon Pick Up',73,'2021-10-10 00:00:00','2021-10-10 00:00:00'),
	(901,'Vista',73,'2021-10-10 00:00:00','2021-10-10 00:00:00'),
	(902,'Xenon',73,'2021-10-10 00:00:00','2021-10-10 00:00:00'),
	(903,'Aria',73,'2021-10-10 00:00:00','2021-10-10 00:00:00'),
	(904,'Carina E',74,'2021-10-10 00:00:00','2021-10-10 00:00:00'),
	(905,'4runner',74,'2021-10-10 00:00:00','2021-10-10 00:00:00'),
	(906,'Camry',74,'2021-10-10 00:00:00','2021-10-10 00:00:00'),
	(907,'Rav4',74,'2021-10-10 00:00:00','2021-10-10 00:00:00'),
	(908,'Celica',74,'2021-10-10 00:00:00','2021-10-10 00:00:00'),
	(909,'Supra',74,'2021-10-10 00:00:00','2021-10-10 00:00:00'),
	(910,'Paseo',74,'2021-10-10 00:00:00','2021-10-10 00:00:00'),
	(911,'Land Cruiser 80',74,'2021-10-10 00:00:00','2021-10-10 00:00:00'),
	(912,'Land Cruiser 100',74,'2021-10-10 00:00:00','2021-10-10 00:00:00'),
	(913,'Land Cruiser',74,'2021-10-10 00:00:00','2021-10-10 00:00:00'),
	(914,'Land Cruiser 90',74,'2021-10-10 00:00:00','2021-10-10 00:00:00'),
	(915,'Corolla',74,'2021-10-10 00:00:00','2021-10-10 00:00:00'),
	(916,'Auris',74,'2021-10-10 00:00:00','2021-10-10 00:00:00'),
	(917,'Avensis',74,'2021-10-10 00:00:00','2021-10-10 00:00:00'),
	(918,'Picnic',74,'2021-10-10 00:00:00','2021-10-10 00:00:00'),
	(919,'Yaris',74,'2021-10-10 00:00:00','2021-10-10 00:00:00'),
	(920,'Yaris Verso',74,'2021-10-10 00:00:00','2021-10-10 00:00:00'),
	(921,'Mr2',74,'2021-10-10 00:00:00','2021-10-10 00:00:00'),
	(922,'Previa',74,'2021-10-10 00:00:00','2021-10-10 00:00:00'),
	(923,'Prius',74,'2021-10-10 00:00:00','2021-10-10 00:00:00'),
	(924,'Avensis Verso',74,'2021-10-10 00:00:00','2021-10-10 00:00:00'),
	(925,'Corolla Verso',74,'2021-10-10 00:00:00','2021-10-10 00:00:00'),
	(926,'Corolla Sedan',74,'2021-10-10 00:00:00','2021-10-10 00:00:00'),
	(927,'Aygo',74,'2021-10-10 00:00:00','2021-10-10 00:00:00'),
	(928,'Hilux',74,'2021-10-10 00:00:00','2021-10-10 00:00:00'),
	(929,'Dyna',74,'2021-10-10 00:00:00','2021-10-10 00:00:00'),
	(930,'Land Cruiser 200',74,'2021-10-10 00:00:00','2021-10-10 00:00:00'),
	(931,'Verso',74,'2021-10-10 00:00:00','2021-10-10 00:00:00'),
	(932,'Iq',74,'2021-10-10 00:00:00','2021-10-10 00:00:00'),
	(933,'Urban Cruiser',74,'2021-10-10 00:00:00','2021-10-10 00:00:00'),
	(934,'Gt86',74,'2021-10-10 00:00:00','2021-10-10 00:00:00'),
	(935,'100',75,'2021-10-10 00:00:00','2021-10-10 00:00:00'),
	(936,'121',75,'2021-10-10 00:00:00','2021-10-10 00:00:00'),
	(937,'214',76,'2021-10-10 00:00:00','2021-10-10 00:00:00'),
	(938,'110 Stawra',76,'2021-10-10 00:00:00','2021-10-10 00:00:00'),
	(939,'111 Stawra',76,'2021-10-10 00:00:00','2021-10-10 00:00:00'),
	(940,'215',76,'2021-10-10 00:00:00','2021-10-10 00:00:00'),
	(941,'112 Stawra',76,'2021-10-10 00:00:00','2021-10-10 00:00:00'),
	(942,'Passat',77,'2021-10-10 00:00:00','2021-10-10 00:00:00'),
	(943,'Golf',77,'2021-10-10 00:00:00','2021-10-10 00:00:00'),
	(944,'Vento',77,'2021-10-10 00:00:00','2021-10-10 00:00:00'),
	(945,'Polo',77,'2021-10-10 00:00:00','2021-10-10 00:00:00'),
	(946,'Corrado',77,'2021-10-10 00:00:00','2021-10-10 00:00:00'),
	(947,'Sharan',77,'2021-10-10 00:00:00','2021-10-10 00:00:00'),
	(948,'Lupo',77,'2021-10-10 00:00:00','2021-10-10 00:00:00'),
	(949,'Bora',77,'2021-10-10 00:00:00','2021-10-10 00:00:00'),
	(950,'Jetta',77,'2021-10-10 00:00:00','2021-10-10 00:00:00'),
	(951,'New Beetle',77,'2021-10-10 00:00:00','2021-10-10 00:00:00'),
	(952,'Phaeton',77,'2021-10-10 00:00:00','2021-10-10 00:00:00'),
	(953,'Touareg',77,'2021-10-10 00:00:00','2021-10-10 00:00:00'),
	(954,'Touran',77,'2021-10-10 00:00:00','2021-10-10 00:00:00'),
	(955,'Multivan',77,'2021-10-10 00:00:00','2021-10-10 00:00:00'),
	(956,'Caddy',77,'2021-10-10 00:00:00','2021-10-10 00:00:00'),
	(957,'Golf Plus',77,'2021-10-10 00:00:00','2021-10-10 00:00:00'),
	(958,'Fox',77,'2021-10-10 00:00:00','2021-10-10 00:00:00'),
	(959,'Eos',77,'2021-10-10 00:00:00','2021-10-10 00:00:00'),
	(960,'Caravelle',77,'2021-10-10 00:00:00','2021-10-10 00:00:00'),
	(961,'Tiguan',77,'2021-10-10 00:00:00','2021-10-10 00:00:00'),
	(962,'Transporter',77,'2021-10-10 00:00:00','2021-10-10 00:00:00'),
	(963,'Lt',77,'2021-10-10 00:00:00','2021-10-10 00:00:00'),
	(964,'Taro',77,'2021-10-10 00:00:00','2021-10-10 00:00:00'),
	(965,'Crafter',77,'2021-10-10 00:00:00','2021-10-10 00:00:00'),
	(966,'California',77,'2021-10-10 00:00:00','2021-10-10 00:00:00'),
	(967,'Santana',77,'2021-10-10 00:00:00','2021-10-10 00:00:00'),
	(968,'Scirocco',77,'2021-10-10 00:00:00','2021-10-10 00:00:00'),
	(969,'Passat Cc',77,'2021-10-10 00:00:00','2021-10-10 00:00:00'),
	(970,'Amarok',77,'2021-10-10 00:00:00','2021-10-10 00:00:00'),
	(971,'Beetle',77,'2021-10-10 00:00:00','2021-10-10 00:00:00'),
	(972,'Up',77,'2021-10-10 00:00:00','2021-10-10 00:00:00'),
	(973,'Cc',77,'2021-10-10 00:00:00','2021-10-10 00:00:00'),
	(974,'440',78,'2021-10-10 00:00:00','2021-10-10 00:00:00'),
	(975,'850',78,'2021-10-10 00:00:00','2021-10-10 00:00:00'),
	(976,'S70',78,'2021-10-10 00:00:00','2021-10-10 00:00:00'),
	(977,'V70',78,'2021-10-10 00:00:00','2021-10-10 00:00:00'),
	(978,'V70 Classic',78,'2021-10-10 00:00:00','2021-10-10 00:00:00'),
	(979,'940',78,'2021-10-10 00:00:00','2021-10-10 00:00:00'),
	(980,'480',78,'2021-10-10 00:00:00','2021-10-10 00:00:00'),
	(981,'460',78,'2021-10-10 00:00:00','2021-10-10 00:00:00'),
	(982,'960',78,'2021-10-10 00:00:00','2021-10-10 00:00:00'),
	(983,'S90',78,'2021-10-10 00:00:00','2021-10-10 00:00:00'),
	(984,'V90',78,'2021-10-10 00:00:00','2021-10-10 00:00:00'),
	(985,'Classic',78,'2021-10-10 00:00:00','2021-10-10 00:00:00'),
	(986,'S40',78,'2021-10-10 00:00:00','2021-10-10 00:00:00'),
	(987,'V40',78,'2021-10-10 00:00:00','2021-10-10 00:00:00'),
	(988,'V50',78,'2021-10-10 00:00:00','2021-10-10 00:00:00'),
	(989,'V70 Xc',78,'2021-10-10 00:00:00','2021-10-10 00:00:00'),
	(990,'Xc70',78,'2021-10-10 00:00:00','2021-10-10 00:00:00'),
	(991,'C70',78,'2021-10-10 00:00:00','2021-10-10 00:00:00'),
	(992,'S80',78,'2021-10-10 00:00:00','2021-10-10 00:00:00'),
	(993,'S60',78,'2021-10-10 00:00:00','2021-10-10 00:00:00'),
	(994,'Xc90',78,'2021-10-10 00:00:00','2021-10-10 00:00:00'),
	(995,'C30',78,'2021-10-10 00:00:00','2021-10-10 00:00:00'),
	(996,'780',78,'2021-10-10 00:00:00','2021-10-10 00:00:00'),
	(997,'760',78,'2021-10-10 00:00:00','2021-10-10 00:00:00'),
	(998,'740',78,'2021-10-10 00:00:00','2021-10-10 00:00:00'),
	(999,'240',78,'2021-10-10 00:00:00','2021-10-10 00:00:00'),
	(1000,'360',78,'2021-10-10 00:00:00','2021-10-10 00:00:00'),
	(1001,'340',78,'2021-10-10 00:00:00','2021-10-10 00:00:00'),
	(1002,'Xc60',78,'2021-10-10 00:00:00','2021-10-10 00:00:00'),
	(1003,'V60',78,'2021-10-10 00:00:00','2021-10-10 00:00:00'),
	(1004,'V40 Cross Country',78,'2021-10-10 00:00:00','2021-10-10 00:00:00'),
	(1005,'353',79,'2021-10-10 00:00:00','2021-10-10 00:00:00'),
	(1006,'Mini',53,'2021-10-10 00:00:00','2021-10-10 00:00:00'),
	(1007,'Countryman',53,'2021-10-10 00:00:00','2021-10-10 00:00:00'),
	(1008,'Paceman',53,'2021-10-10 00:00:00','2021-10-10 00:00:00');

/*!40000 ALTER TABLE `models` ENABLE KEYS */;
UNLOCK TABLES;


# Volcado de tabla purchases
# ------------------------------------------------------------

DROP TABLE IF EXISTS `purchases`;

CREATE TABLE `purchases` (
  `id` int(11) NOT NULL AUTO_INCREMENT,
  `car_id` int(11) NOT NULL,
  `previous_owner_id` int(11) DEFAULT NULL,
  `new_owner_id` int(11) DEFAULT NULL,
  `price` float DEFAULT NULL,
  `date` datetime NOT NULL,
  `created_at` datetime DEFAULT NULL,
  `updated_at` datetime DEFAULT NULL,
  PRIMARY KEY (`id`),
  KEY `FKew6wskqreamtomvgkpxmdw44a` (`car_id`),
  KEY `FK9xt4h4fvviodv7jx5k1eelwat` (`previous_owner_id`),
  KEY `FK63wdrx6prl23dtbb4nfm90wv2` (`new_owner_id`)
) ENGINE=MyISAM DEFAULT CHARSET=utf8;

LOCK TABLES `purchases` WRITE;
/*!40000 ALTER TABLE `purchases` DISABLE KEYS */;

INSERT INTO `purchases` (`id`, `car_id`, `previous_owner_id`, `new_owner_id`, `price`, `date`, `created_at`, `updated_at`)
VALUES
	(1,1,NULL,1,5000,'2020-02-10 00:00:00','2021-10-10 00:00:00','2021-10-10 00:00:00'),
	(2,2,NULL,1,6000,'2020-03-10 00:00:00','2021-10-10 00:00:00','2021-10-10 00:00:00'),
	(3,3,NULL,1,7000,'2020-04-10 00:00:00','2021-10-10 00:00:00','2021-10-10 00:00:00'),
	(4,4,NULL,2,2000,'2020-02-10 00:00:00','2021-10-10 00:00:00','2021-10-10 00:00:00'),
	(5,5,NULL,2,3000,'2020-03-10 00:00:00','2021-10-10 00:00:00','2021-10-10 00:00:00'),
	(6,6,NULL,2,4000,'2020-04-10 00:00:00','2021-10-10 00:00:00','2021-10-10 00:00:00'),
	(7,7,NULL,3,8000,'2020-02-10 00:00:00','2021-10-10 00:00:00','2021-10-10 00:00:00'),
	(8,8,NULL,3,9000,'2020-03-10 00:00:00','2021-10-10 00:00:00','2021-10-10 00:00:00'),
	(9,9,NULL,3,10000,'2020-04-10 00:00:00','2021-10-10 00:00:00','2021-10-10 00:00:00');

/*!40000 ALTER TABLE `purchases` ENABLE KEYS */;
UNLOCK TABLES;


# Volcado de tabla sales
# ------------------------------------------------------------

DROP TABLE IF EXISTS `sales`;

CREATE TABLE `sales` (
  `id` int(11) NOT NULL AUTO_INCREMENT,
  `car_id` int(11) NOT NULL,
  `previous_owner_id` int(11) DEFAULT NULL,
  `new_owner_id` int(11) DEFAULT NULL,
  `price` float DEFAULT NULL,
  `date` datetime NOT NULL,
  `created_at` datetime DEFAULT NULL,
  `updated_at` datetime DEFAULT NULL,
  PRIMARY KEY (`id`),
  KEY `FK3txqrnre242kgq4h87u8ub8am` (`car_id`),
  KEY `FK7ajecayd5j10gq96oxqd3nige` (`previous_owner_id`),
  KEY `FKoul6lkcly72kuoavogstdsp98` (`new_owner_id`)
) ENGINE=MyISAM DEFAULT CHARSET=utf8;

LOCK TABLES `sales` WRITE;
/*!40000 ALTER TABLE `sales` DISABLE KEYS */;

INSERT INTO `sales` (`id`, `car_id`, `previous_owner_id`, `new_owner_id`, `price`, `date`, `created_at`, `updated_at`)
VALUES
	(1,8,3,5,20000,'2021-01-01 00:00:00','2021-10-10 00:00:00','2021-10-10 00:00:00'),
	(2,1,1,4,18000,'2021-02-01 00:00:00','2021-10-10 00:00:00','2021-10-10 00:00:00');

/*!40000 ALTER TABLE `sales` ENABLE KEYS */;
UNLOCK TABLES;


# Volcado de tabla shops
# ------------------------------------------------------------

DROP TABLE IF EXISTS `shops`;

CREATE TABLE `shops` (
  `id` int(11) NOT NULL AUTO_INCREMENT,
  `name` varchar(255) DEFAULT NULL,
  `phone` varchar(255) DEFAULT NULL,
  `country` varchar(255) DEFAULT NULL,
  `province` varchar(255) DEFAULT NULL,
  `town` varchar(255) DEFAULT NULL,
  `zip` varchar(255) DEFAULT NULL,
  `address` varchar(255) DEFAULT NULL,
  `created_at` datetime DEFAULT NULL,
  `updated_at` datetime DEFAULT NULL,
  PRIMARY KEY (`id`)
) ENGINE=MyISAM DEFAULT CHARSET=utf8;

LOCK TABLES `shops` WRITE;
/*!40000 ALTER TABLE `shops` DISABLE KEYS */;

INSERT INTO `shops` (`id`, `name`, `phone`, `country`, `province`, `town`, `zip`, `address`, `created_at`, `updated_at`)
VALUES
	(1,'Tienda Granada','600000000','España','Granada','Granada','18001','Calle Granada','2021-10-10 00:00:00','2021-10-10 00:00:00'),
	(2,'Tienda Malaga','611111111','España','Malaga','Malaga','29001','Calle Malaga','2021-10-10 00:00:00','2021-10-10 00:00:00'),
	(3,'Tienda Barcelona','622222222','España','Barcelona','Barcelona','08001','Calle Barcelona','2021-10-10 00:00:00','2021-10-10 00:00:00');

/*!40000 ALTER TABLE `shops` ENABLE KEYS */;
UNLOCK TABLES;


# Volcado de tabla users
# ------------------------------------------------------------

DROP TABLE IF EXISTS `users`;

CREATE TABLE `users` (
  `id` int(11) NOT NULL AUTO_INCREMENT,
  `email` varchar(255) NOT NULL,
  `shop_id` int(11) DEFAULT NULL,
  `name` varchar(255) DEFAULT NULL,
  `last_name` varchar(255) DEFAULT NULL,
  `phone` varchar(255) DEFAULT NULL,
  `country` varchar(255) DEFAULT NULL,
  `province` varchar(255) DEFAULT NULL,
  `town` varchar(255) DEFAULT NULL,
  `zip` varchar(255) DEFAULT NULL,
  `address` varchar(255) DEFAULT NULL,
  `created_at` datetime DEFAULT NULL,
  `updated_at` datetime DEFAULT NULL,
  PRIMARY KEY (`id`),
  KEY `FKhomdka1wdbcq8dr9xmqekf1nt` (`shop_id`)
) ENGINE=MyISAM DEFAULT CHARSET=utf8;

LOCK TABLES `users` WRITE;
/*!40000 ALTER TABLE `users` DISABLE KEYS */;

INSERT INTO `users` (`id`, `email`, `shop_id`, `name`, `last_name`, `phone`, `country`, `province`, `town`, `zip`, `address`, `created_at`, `updated_at`)
VALUES
	(1,'admin@tiendaGranada.es',1,'Paco','García','600111111','España','Granada',NULL,NULL,NULL,'2021-10-10 00:00:00','2021-10-10 00:00:00'),
	(2,'admin@tiendaMalaga.es',2,'Sara','Martínez','600222222','España','Malaga',NULL,NULL,NULL,'2021-10-10 00:00:00','2021-10-10 00:00:00'),
	(3,'admin@tiendaBarcelona.es',3,'Leo','Martín','600333333','España','Barcelona',NULL,NULL,NULL,'2021-10-10 00:00:00','2021-10-10 00:00:00'),
	(4,'cliente1@gmail.com',NULL,'Miguel','Garrido','600444444','España','Madrid',NULL,NULL,NULL,'2021-10-10 00:00:00','2021-10-10 00:00:00'),
	(5,'cliente2@gmail.com',NULL,'Ángela','','600555555','España','Almería',NULL,NULL,NULL,'2021-10-10 00:00:00','2021-10-10 00:00:00');

/*!40000 ALTER TABLE `users` ENABLE KEYS */;
UNLOCK TABLES;



/*!40111 SET SQL_NOTES=@OLD_SQL_NOTES */;
/*!40101 SET SQL_MODE=@OLD_SQL_MODE */;
/*!40014 SET FOREIGN_KEY_CHECKS=@OLD_FOREIGN_KEY_CHECKS */;
/*!40101 SET CHARACTER_SET_CLIENT=@OLD_CHARACTER_SET_CLIENT */;
/*!40101 SET CHARACTER_SET_RESULTS=@OLD_CHARACTER_SET_RESULTS */;
/*!40101 SET COLLATION_CONNECTION=@OLD_COLLATION_CONNECTION */;
